topic_index,topic_title,topic_url,order,word,phonetic,example,note,definition_en
1,Hello and Goodbye,https://langeek.co/en/vocab/subcategory/1/learn,1,hello,/həˈloʊ/,"Hello, I am the new student and my name is Sarah.",,
1,Hello and Goodbye,https://langeek.co/en/vocab/subcategory/1/learn,2,goodbye,/ɡʊdˈbaɪ/,"Goodbye, I hope to see you again.",,
1,Hello and Goodbye,https://langeek.co/en/vocab/subcategory/1/learn,3,hi,/haɪ/,"Hi, nice to meet you.",,
1,Hello and Goodbye,https://langeek.co/en/vocab/subcategory/1/learn,4,bye,/baɪ/,Bye! Have a great day!,,
1,Hello and Goodbye,https://langeek.co/en/vocab/subcategory/1/learn,5,good morning,/ɡʊd ˈmɔrnɪŋ/,"Good morning, it's a beautiful day today!",,
1,Hello and Goodbye,https://langeek.co/en/vocab/subcategory/1/learn,6,good afternoon,/ɡʊd ˌæftərˈnuːn/,"Good afternoon, have you finished your work for today?",,
1,Hello and Goodbye,https://langeek.co/en/vocab/subcategory/1/learn,7,good evening,/ɡʊd ˈiːvnɪŋ/,"Good evening, I hope you had a pleasant day.",,
1,Hello and Goodbye,https://langeek.co/en/vocab/subcategory/1/learn,8,good night,/ɡʊd ˈnaɪt/,"Good night, don't forget to brush your teeth before bed.",,
1,Hello and Goodbye,https://langeek.co/en/vocab/subcategory/1/learn,9,thank you,/θæŋk juː/,Thank you for being there when I needed someone.,,
1,Hello and Goodbye,https://langeek.co/en/vocab/subcategory/1/learn,10,thanks,/θæŋks/,Thanks for the help!,,
1,Hello and Goodbye,https://langeek.co/en/vocab/subcategory/1/learn,11,please,/pliːz/,"Be quiet, please.",,
1,Hello and Goodbye,https://langeek.co/en/vocab/subcategory/1/learn,12,OK,/ˌoʊkˈeɪ/,"Ok, I'll finish my homework before watching TV.",,
1,Hello and Goodbye,https://langeek.co/en/vocab/subcategory/1/learn,13,yes,/jɛs/,"Yes, he is my friend.",,
1,Hello and Goodbye,https://langeek.co/en/vocab/subcategory/1/learn,14,no,/noʊ/,Did you call her? — No.,,
1,Hello and Goodbye,https://langeek.co/en/vocab/subcategory/1/learn,15,sorry,/ˈsɑːri/,"Sorry, I forgot to bring my umbrella.",,
1,Hello and Goodbye,https://langeek.co/en/vocab/subcategory/1/learn,16,welcome,/ˈwɛlkəm/,"Welcome, Come on in and make yourself at home.",,
2,People,https://langeek.co/en/vocab/subcategory/19/learn,1,man,/mæn/,"This is my friend, he's a nice man.",,
2,People,https://langeek.co/en/vocab/subcategory/19/learn,2,woman,/ˈwʊmən/,This is my sister; she's a kind woman.,,
2,People,https://langeek.co/en/vocab/subcategory/19/learn,3,boy,/bɔɪ/,This is my little brother; he's a playful boy.,,
2,People,https://langeek.co/en/vocab/subcategory/19/learn,4,girl,/ɡɝl/,This is my friend; she's a cheerful girl.,,
2,People,https://langeek.co/en/vocab/subcategory/19/learn,5,friend,/frɛnd/,David and Samantha became friends after meeting at a book club and discovered their shared passion for literature.,,
2,People,https://langeek.co/en/vocab/subcategory/19/learn,6,boyfriend,/ˈbɔɪfrɛnd/,"""Will you be my boyfriend?"" she asked, hoping for a positive response.",,
2,People,https://langeek.co/en/vocab/subcategory/19/learn,7,girlfriend,/ˈɡɝlfrɛnd/,"""Will you be my girlfriend?"" he asked, hoping for a positive response.",,
2,People,https://langeek.co/en/vocab/subcategory/19/learn,8,person,/ˈpɝsən/,"As a responsible person, it is important to be mindful of our impact on the environment.",,
2,People,https://langeek.co/en/vocab/subcategory/19/learn,9,people,/ˈpi:pəl/,It is important to listen to the voices of the people and address their concerns.,,
2,People,https://langeek.co/en/vocab/subcategory/19/learn,10,adult,"/əˈdʌlt/, /ˈædʌlt/",Adults have the freedom to make their own decisions and choices.,,
2,People,https://langeek.co/en/vocab/subcategory/19/learn,11,baby,/ˈbeɪbi/,A babysitter was hired to take care of the baby while the parents were out.,,
2,People,https://langeek.co/en/vocab/subcategory/19/learn,12,Mr,/ˈmɪstɚ/,Mr. Lee is the teacher in charge of the science department.,,
2,People,https://langeek.co/en/vocab/subcategory/19/learn,13,Mrs,/ˈmɪsɪz/,Mrs. Smith will chair the committee meeting tomorrow.,,
2,People,https://langeek.co/en/vocab/subcategory/19/learn,14,miss,/mɪs/,Miss Johnson greeted the guests with a warm smile as they arrived at the party.,,
3,Numbers 0 to 100,https://langeek.co/en/vocab/subcategory/2/learn,1,zero,/ˈziːroʊ/,I have zero dollars in my wallet.,,
3,Numbers 0 to 100,https://langeek.co/en/vocab/subcategory/2/learn,2,one,/wʌn/,I have one book.,,
3,Numbers 0 to 100,https://langeek.co/en/vocab/subcategory/2/learn,3,two,/tuː/,I need to make two copies of this document.,,
3,Numbers 0 to 100,https://langeek.co/en/vocab/subcategory/2/learn,4,three,/θriː/,I counted to three before jumping into the pool.,,
3,Numbers 0 to 100,https://langeek.co/en/vocab/subcategory/2/learn,5,four,/fɔːr/,"There are four seasons in a year: spring, summer, autumn, and winter.",,
3,Numbers 0 to 100,https://langeek.co/en/vocab/subcategory/2/learn,6,five,/faɪv/,"His favorite number was five, and he always wore a shirt with the number on it to sports games.",,
3,Numbers 0 to 100,https://langeek.co/en/vocab/subcategory/2/learn,7,six,/sɪks/,The highest number you can roll on a single die is six.,,
3,Numbers 0 to 100,https://langeek.co/en/vocab/subcategory/2/learn,8,seven,/ˈsɛvən/,"His lucky number is seven, and he always wears a necklace with a seven pendant.",,
3,Numbers 0 to 100,https://langeek.co/en/vocab/subcategory/2/learn,9,eight,/eɪt/,"The recipe called for eight ounces of flour, which is about one cup.",,
3,Numbers 0 to 100,https://langeek.co/en/vocab/subcategory/2/learn,10,nine,/naɪn/,The baseball team has nine players on the field at a time.,,
3,Numbers 0 to 100,https://langeek.co/en/vocab/subcategory/2/learn,11,ten,/tɛn/,The soccer team has ten players on the field at a time.,,
3,Numbers 0 to 100,https://langeek.co/en/vocab/subcategory/2/learn,12,eleven,/ɪˈlɛvən/,My little son knows that eleven is one more than ten.,,
3,Numbers 0 to 100,https://langeek.co/en/vocab/subcategory/2/learn,13,twelve,/twɛlv/,My son reads twelve pages of his book every day.,,
3,Numbers 0 to 100,https://langeek.co/en/vocab/subcategory/2/learn,14,thirteen,/ˈθɜrtiːn/,I have thirteen stamps in my collection.,,
3,Numbers 0 to 100,https://langeek.co/en/vocab/subcategory/2/learn,15,fourteen,/ˈfɔrtiːn/,"She was born fourteen years ago, and there are now fourteen candles on her birthday cake.",,
3,Numbers 0 to 100,https://langeek.co/en/vocab/subcategory/2/learn,16,fifteen,/ˈfɪftiːn/,"I turned fifteen years old last week, and I celebrated my birthday with my friends.",,
3,Numbers 0 to 100,https://langeek.co/en/vocab/subcategory/2/learn,17,sixteen,/ˈsɪkstiːn/,She has sixteen unread messages in her inbox.,,
3,Numbers 0 to 100,https://langeek.co/en/vocab/subcategory/2/learn,18,seventeen,/ˈsɛvntiːn/,She bought seventeen books from the bookstore.,,
3,Numbers 0 to 100,https://langeek.co/en/vocab/subcategory/2/learn,19,eighteen,/ˈeɪtiːn/,He has been working at his job for eighteen years.,,
3,Numbers 0 to 100,https://langeek.co/en/vocab/subcategory/2/learn,20,nineteen,/ˈnaɪntiːn/,The car was manufactured in the year nineteen ninety-eight.,,
3,Numbers 0 to 100,https://langeek.co/en/vocab/subcategory/2/learn,21,twenty,/ˈtwɛnti/,The distance between the two cities is twenty kilometers.,,
3,Numbers 0 to 100,https://langeek.co/en/vocab/subcategory/2/learn,22,thirty,/ˈθɜrti/,The recipe calls for thirty grams of sugar.,,
3,Numbers 0 to 100,https://langeek.co/en/vocab/subcategory/2/learn,23,forty,/ˈfɔrti/,My dad works forty hours a week.,,
3,Numbers 0 to 100,https://langeek.co/en/vocab/subcategory/2/learn,24,fifty,/ˈfɪfti/,She celebrated her fiftieth birthday with a big party surrounded by family and friends.,,
3,Numbers 0 to 100,https://langeek.co/en/vocab/subcategory/2/learn,25,sixty,/ˈsɪksti/,"She found a vintage photograph of her parents from their wedding day, nearly sixty years ago.",,
3,Numbers 0 to 100,https://langeek.co/en/vocab/subcategory/2/learn,26,seventy,/ˈsɛvnti/,The marathon was attended by over seventy runners from different countries.,,
3,Numbers 0 to 100,https://langeek.co/en/vocab/subcategory/2/learn,27,eighty,/ˈeɪti/,"The temperature today is expected to reach eighty degrees Fahrenheit, perfect for a picnic.",,
3,Numbers 0 to 100,https://langeek.co/en/vocab/subcategory/2/learn,28,ninety,/ˈnaɪnti/,"The student received a ninety on her math exam, earning her an A for the semester.",,
3,Numbers 0 to 100,https://langeek.co/en/vocab/subcategory/2/learn,29,hundred,/ˈhʌndrəd/,She saved up a hundred dollars to buy a new bicycle for her daily commute.,,
4,Family,https://langeek.co/en/vocab/subcategory/3/learn,1,parent,/ˈpɛrənt/,"As a single parent, she worked tirelessly to provide for her family and ensure their well-being.",,
4,Family,https://langeek.co/en/vocab/subcategory/3/learn,2,father,/ˈfɑːðɚ/,"As a father, he takes great joy in spending quality time with his children and creating lasting memories.",,
4,Family,https://langeek.co/en/vocab/subcategory/3/learn,3,mother,/ˈmʌðɚ/,Mothers play a vital role in nurturing and shaping their children's lives.,,
4,Family,https://langeek.co/en/vocab/subcategory/3/learn,4,dad,/dæd/,"Dad, can we go to the park and play catch this afternoon?",,
4,Family,https://langeek.co/en/vocab/subcategory/3/learn,5,mom,/mɑːm/,"Mom, can you help me with my homework? I'm having trouble understanding this math problem.",,
4,Family,https://langeek.co/en/vocab/subcategory/3/learn,6,wife,/waɪf/,"As a devoted wife, she takes care of the household chores and ensures a comfortable home for her family.",,
4,Family,https://langeek.co/en/vocab/subcategory/3/learn,7,husband,/ˈhʌzbənd/,"As a loving husband, he surprises his wife with romantic gestures on special occasions.",,
4,Family,https://langeek.co/en/vocab/subcategory/3/learn,8,child,/tʃaɪld/,She read a bedtime story to her child every night before tucking them into bed.,,
4,Family,https://langeek.co/en/vocab/subcategory/3/learn,9,son,/sʌn/,John is a loving father who takes great pride in raising his two sons.,,
4,Family,https://langeek.co/en/vocab/subcategory/3/learn,10,daughter,/ˈdɔːtɚ/,Emily couldn't wait to meet her newborn daughter and hold her in her arms for the first time.,,
4,Family,https://langeek.co/en/vocab/subcategory/3/learn,11,sister,/ˈsɪstɚ/,"My dad has two sisters, both of whom are older than him.",,
4,Family,https://langeek.co/en/vocab/subcategory/3/learn,12,brother,/ˈbrʌðɚ/,Emily's brother likes to play video games and watch sports on TV.,,
4,Family,https://langeek.co/en/vocab/subcategory/3/learn,13,family,"/ˈfæməli/, /ˈfæmli/",Family is important to me because they support me when I need it.,,
4,Family,https://langeek.co/en/vocab/subcategory/3/learn,14,grandmother,/ˈɡrænˌmʌðɚ/,Grandmothers love spending time with their grandchildren and spoil them with candy.,,
4,Family,https://langeek.co/en/vocab/subcategory/3/learn,15,grandfather,/ˈɡrænˌfɑːðɚ/,"He enjoys spending time with his grandfather, playing chess and telling jokes.",,
4,Family,https://langeek.co/en/vocab/subcategory/3/learn,16,grandchild,/ˈɡrænˌtʃaɪld/,He takes his grandchild to the zoo and teaches them about different animals.,,
4,Family,https://langeek.co/en/vocab/subcategory/3/learn,17,aunt,"/ænt/, /ɑːnt/",Anne's aunt always sends her birthday cards and gifts.,,
4,Family,https://langeek.co/en/vocab/subcategory/3/learn,18,uncle,/ˈʌŋkəl/,His uncle is like a second father to him.,,
4,Family,https://langeek.co/en/vocab/subcategory/3/learn,19,niece,/niːs/,"He loves spending time with his niece, teaching her how to play guitar.",,
4,Family,https://langeek.co/en/vocab/subcategory/3/learn,20,nephew,/ˈnɛfju/,I bought a toy for my nephew's birthday.,,
4,Family,https://langeek.co/en/vocab/subcategory/3/learn,21,cousin,/ˈkʌzən/,"Her cousin is like a brother to her, and they share many interests and hobbies.",,
5,Colors,https://langeek.co/en/vocab/subcategory/4/learn,1,black,/blæk/,A black raven is flying across the night sky.,,
5,Colors,https://langeek.co/en/vocab/subcategory/4/learn,2,white,/waɪt/,"His teeth are white and shiny, thanks to regular brushing and flossing.",,
5,Colors,https://langeek.co/en/vocab/subcategory/4/learn,3,blue,/bluː/,My mother has blue eyes and black hair.,,
5,Colors,https://langeek.co/en/vocab/subcategory/4/learn,4,green,/ɡriːn/,"His eyes were a striking green shade, like emeralds.",,
5,Colors,https://langeek.co/en/vocab/subcategory/4/learn,5,yellow,/ˈjɛloʊ/,She drew a yellow sun on the corner of the paper.,,
5,Colors,https://langeek.co/en/vocab/subcategory/4/learn,6,red,/rɛd/,"He got a cut, and red blood came out.",,
5,Colors,https://langeek.co/en/vocab/subcategory/4/learn,7,pink,/pɪŋk/,"She wore a pink dress to the wedding, which complimented her rosy cheeks.",,
5,Colors,https://langeek.co/en/vocab/subcategory/4/learn,8,orange,/ˈɔːrɪndʒ/,He ate an orange carrot for a snack.,,
5,Colors,https://langeek.co/en/vocab/subcategory/4/learn,9,purple,/ˈpɝːpəl/,I carefully peeled the purple eggplant to cook it for dinner.,,
5,Colors,https://langeek.co/en/vocab/subcategory/4/learn,10,gray,/ɡreɪ/,My grandmother's hair is gray.,,
5,Colors,https://langeek.co/en/vocab/subcategory/4/learn,11,brown,/braʊn/,"The table was made of rich, brown wood.",,
5,Colors,https://langeek.co/en/vocab/subcategory/4/learn,12,dark,/dɑrk/,She wore a dark blue dress to the event.,,
5,Colors,https://langeek.co/en/vocab/subcategory/4/learn,13,light,/laɪt/,She prefers to wear light colors in the summer to stay cool.,,
5,Colors,https://langeek.co/en/vocab/subcategory/4/learn,14,color,/ˈkʌlɚ/,The artist mixed different colors to create a masterpiece.,,
6,Months and Seasons,https://langeek.co/en/vocab/subcategory/5/learn,1,month,/mʌnθ/,I like to set goals for myself at the start of each month.,,
6,Months and Seasons,https://langeek.co/en/vocab/subcategory/5/learn,2,January,/ˈdʒænjuˌɛri/,"In January, we celebrate the start of the new year with fireworks and joy.",,
6,Months and Seasons,https://langeek.co/en/vocab/subcategory/5/learn,3,February,/ˈfɛbjuˌɛri/,"During February, the days gradually start getting longer as we move closer to spring.",,
6,Months and Seasons,https://langeek.co/en/vocab/subcategory/5/learn,4,March,/mɑrtʃ/,March is a month when the weather starts to get warmer.,,
6,Months and Seasons,https://langeek.co/en/vocab/subcategory/5/learn,5,April,/ˈeɪprəl/,Earth Day is observed on April 22nd to promote environmental awareness.,,
6,Months and Seasons,https://langeek.co/en/vocab/subcategory/5/learn,6,May,/meɪ/,"Many flowers bloom in May, such as tulips and daisies.",,
6,Months and Seasons,https://langeek.co/en/vocab/subcategory/5/learn,7,June,/dʒuːn/,"June is a month filled with outdoor activities like swimming, camping, and barbecues.",,
6,Months and Seasons,https://langeek.co/en/vocab/subcategory/5/learn,8,July,/dʒuˈlaɪ/,Fireworks displays are common in many countries during the month of July.,,
6,Months and Seasons,https://langeek.co/en/vocab/subcategory/5/learn,9,August,/ˈɔːɡəst/,August marks the end of summer and the beginning of autumn in some parts of the world.,,
6,Months and Seasons,https://langeek.co/en/vocab/subcategory/5/learn,10,September,/sɛpˈtɛmbɚ/,"In September, the weather starts to cool down as autumn approaches.",,
6,Months and Seasons,https://langeek.co/en/vocab/subcategory/5/learn,11,October,/ɑkˈtoʊbɚ/,Halloween is celebrated on the last day of October.,,
6,Months and Seasons,https://langeek.co/en/vocab/subcategory/5/learn,12,November,/noʊˈvɛmbɚ/,Many people enjoy watching the colorful leaves fall from the trees in November.,,
6,Months and Seasons,https://langeek.co/en/vocab/subcategory/5/learn,13,December,/dɪˈsɛmbɚ/,December is the last month of the year.,,
6,Months and Seasons,https://langeek.co/en/vocab/subcategory/5/learn,14,season,/ˈsiːzən/,"During the spring season, my son enjoys swimming in the pool.",,
6,Months and Seasons,https://langeek.co/en/vocab/subcategory/5/learn,15,spring,/sprɪŋ/,"His favorite season is spring, when the weather is mild and the flowers are in full bloom.",,
6,Months and Seasons,https://langeek.co/en/vocab/subcategory/5/learn,16,summer,/ˈsʌmɚ/,I enjoy eating ice cream to cool down in the hot summer months.,,
6,Months and Seasons,https://langeek.co/en/vocab/subcategory/5/learn,17,fall,/fɑl/,Fall is the season when students go back to school after summer break.,,
6,Months and Seasons,https://langeek.co/en/vocab/subcategory/5/learn,18,winter,/ˈwɪntɚ/,It's fun to go skiing or snowboarding on the mountains in winter.,,
7,Time and Date,https://langeek.co/en/vocab/subcategory/6/learn,1,clock,/klɑk/,I enjoy watching the hands of the clock move as time goes by.,,
7,Time and Date,https://langeek.co/en/vocab/subcategory/6/learn,2,year,/jɪr/,I'm looking forward to the new year and the opportunities it may bring.,,
7,Time and Date,https://langeek.co/en/vocab/subcategory/6/learn,3,time,/taɪm/,I need more time to complete this project.,,
7,Time and Date,https://langeek.co/en/vocab/subcategory/6/learn,4,date,/deɪt/,I need to check my calendar to see if I'm available on that date.,,
7,Time and Date,https://langeek.co/en/vocab/subcategory/6/learn,5,day,/deɪ/,I like to have a cup of tea in the evening to relax after a long day.,,
7,Time and Date,https://langeek.co/en/vocab/subcategory/6/learn,6,hour,/aʊɚ/,"I have a deadline in three hours, so I need to work quickly.",,
7,Time and Date,https://langeek.co/en/vocab/subcategory/6/learn,7,o'clock,/əˈklɑk/,I usually go to bed around 11 o'clock.,,
7,Time and Date,https://langeek.co/en/vocab/subcategory/6/learn,8,minute,/ˈmɪnɪt/,I like to take a short break every 30 minutes of studying.,,
7,Time and Date,https://langeek.co/en/vocab/subcategory/6/learn,9,second,/ˈsɛkənd/,She won the race by just 22 seconds.,,
7,Time and Date,https://langeek.co/en/vocab/subcategory/6/learn,10,morning,/ˈmɔrnɪŋ/,I have a morning routine that includes brushing my teeth and getting dressed.,,
7,Time and Date,https://langeek.co/en/vocab/subcategory/6/learn,11,afternoon,/ˌæftɚˈnuːn/,He likes to take a walk in the park during the afternoon.,,
7,Time and Date,https://langeek.co/en/vocab/subcategory/6/learn,12,evening,/ˈivnɪŋ/,I enjoy having dinner with my family in the evening.,,
7,Time and Date,https://langeek.co/en/vocab/subcategory/6/learn,13,night,/naɪt/,I like to read a book before bed at night.,,
7,Time and Date,https://langeek.co/en/vocab/subcategory/6/learn,14,week,/wiːk/,He tries to exercise at least three times a week.,,
7,Time and Date,https://langeek.co/en/vocab/subcategory/6/learn,15,Sunday,/ˈsʌnˌdeɪ/,I don't work on Sundays; it's my day off.,,
7,Time and Date,https://langeek.co/en/vocab/subcategory/6/learn,16,Monday,/ˈmʌnˌdeɪ/,I have a team meeting every Monday afternoon.,,
7,Time and Date,https://langeek.co/en/vocab/subcategory/6/learn,17,Tuesday,/ˈtuːzˌdeɪ/,Harry uses Tuesdays to plan his goals for the rest of the week.,,
7,Time and Date,https://langeek.co/en/vocab/subcategory/6/learn,18,Wednesday,/ˈwɛnzˌdeɪ/,I eat pizza on Wednesdays.,,
7,Time and Date,https://langeek.co/en/vocab/subcategory/6/learn,19,Thursday,/ˈθɝzˌdeɪ/,I have a dentist appointment on Thursday.,,
7,Time and Date,https://langeek.co/en/vocab/subcategory/6/learn,20,Friday,/ˈfraɪˌdeɪ/,"Friday is the last day of the workweek for many people, signaling the start of the weekend.",,
7,Time and Date,https://langeek.co/en/vocab/subcategory/6/learn,21,Saturday,/ˈsæˌtɝˌdeɪ/,I enjoy attending cultural events like concerts or theater performances on Saturdays.,,
7,Time and Date,https://langeek.co/en/vocab/subcategory/6/learn,22,weekend,/ˈwiːkˌɛnd/,I like to sleep in and have a late breakfast on the weekends.,,
7,Time and Date,https://langeek.co/en/vocab/subcategory/6/learn,23,next,/nɛkst/,I'm excited about the next episode of my favorite TV show.,,
7,Time and Date,https://langeek.co/en/vocab/subcategory/6/learn,24,half,/hæf/,I ate a sandwich and a half for lunch.,,
8,Personal Information,https://langeek.co/en/vocab/subcategory/500/learn,1,name,/neɪm/,"He introduced himself by saying, ""Hi, my name is Alex.""",,
8,Personal Information,https://langeek.co/en/vocab/subcategory/500/learn,2,last name,/læst neɪm/,"In many cultures, the last name is passed down from the father's side of the family.",,
8,Personal Information,https://langeek.co/en/vocab/subcategory/500/learn,3,age,/eɪdʒ/,Age is just a number; it doesn't define your capabilities.,,
8,Personal Information,https://langeek.co/en/vocab/subcategory/500/learn,4,address,"/ˈædˌrɛs/, /əˈdrɛs/",He memorized his girlfriend's address by heart.,,
8,Personal Information,https://langeek.co/en/vocab/subcategory/500/learn,5,birthday,/ˈbɝːθˌdeɪ/,He invited all his friends to his birthday party at the park.,,
8,Personal Information,https://langeek.co/en/vocab/subcategory/500/learn,6,birthdate,/ˈbɝːθˌdeɪt/,"His birthdate falls on a holiday this year, making it extra special and memorable.",,
8,Personal Information,https://langeek.co/en/vocab/subcategory/500/learn,7,single,/ˈsɪŋɡəl/,Being single allows me to explore my interests and hobbies freely.,,
8,Personal Information,https://langeek.co/en/vocab/subcategory/500/learn,8,married,/ˈmæˌrid/,He is married and has two children,,
8,Personal Information,https://langeek.co/en/vocab/subcategory/500/learn,9,passport,/ˈpæˌspɔrt/,Don't forget to bring your passport when you travel abroad.,,
8,Personal Information,https://langeek.co/en/vocab/subcategory/500/learn,10,phone number,/foʊn ˈnʌmbɚ/,Can you please give me your phone number so I can call you?,,
8,Personal Information,https://langeek.co/en/vocab/subcategory/500/learn,11,question,/ˈkwɛsʧən/,Can I ask you a question about the homework?,,
8,Personal Information,https://langeek.co/en/vocab/subcategory/500/learn,12,answer,/ˈænsɚ/,She provided a concise answer to the interviewer's question during the job interview.,,
9,The Body,https://langeek.co/en/vocab/subcategory/8/learn,1,body,/ˈbɑːdi/,She enjoys yoga because it helps her connect with her body and find inner balance.,,
9,The Body,https://langeek.co/en/vocab/subcategory/8/learn,2,hand,/hænd/,"He gave me a high-five, slapping his hand against mine.",,
9,The Body,https://langeek.co/en/vocab/subcategory/8/learn,3,arm,/ɑːrm/,He got a sunburn on his arm after spending the day at the beach.,,
9,The Body,https://langeek.co/en/vocab/subcategory/8/learn,4,foot,/fʊt/,"He traced patterns in the sand with his foot, leaving temporary imprints.",,
9,The Body,https://langeek.co/en/vocab/subcategory/8/learn,5,head,/hɛd/,"The cat gently nudged its head against my hand, seeking affection.",,
9,The Body,https://langeek.co/en/vocab/subcategory/8/learn,6,leg,/lɛg/,He stretched his legs before going for a run to prevent muscle cramps.,,
9,The Body,https://langeek.co/en/vocab/subcategory/8/learn,7,knee,/niː/,He felt a sharp pain in his knee after twisting it during a sports activity.,,
9,The Body,https://langeek.co/en/vocab/subcategory/8/learn,8,back,/bæk/,He bent his back to lift the heavy box.,,
9,The Body,https://langeek.co/en/vocab/subcategory/8/learn,9,stomach,/ˈstʌmək/,He felt a sense of relief when the doctor assured him that his stomach issue was temporary.,,
10,The Head and Face,https://langeek.co/en/vocab/subcategory/9/learn,1,hair,/hɛr/,He carefully combed his hair before going out.,,
10,The Head and Face,https://langeek.co/en/vocab/subcategory/9/learn,2,neck,/nɛk/,"He turned his head from side to side, testing the flexibility of his neck.",,
10,The Head and Face,https://langeek.co/en/vocab/subcategory/9/learn,3,face,/feɪs/,He gently washed his face with warm water and soap.,,
10,The Head and Face,https://langeek.co/en/vocab/subcategory/9/learn,4,eye,/aɪ/,He closed his eyes and took a deep breath.,,
10,The Head and Face,https://langeek.co/en/vocab/subcategory/9/learn,5,nose,/noʊz/,He held his nose as he walked past the garbage can.,,
10,The Head and Face,https://langeek.co/en/vocab/subcategory/9/learn,6,ear,/ɪr/,He listened attentively with her hand cupped behind her ear.,,
10,The Head and Face,https://langeek.co/en/vocab/subcategory/9/learn,7,cheek,/tʃiːk/,He felt a tickling sensation as a butterfly landed on his cheek.,,
10,The Head and Face,https://langeek.co/en/vocab/subcategory/9/learn,8,chin,/tʃɪn/,He gently rested his chin on her shoulder.,,
10,The Head and Face,https://langeek.co/en/vocab/subcategory/9/learn,9,mouth,/maʊθ/,"He chewed his food with his mouth closed, showing good manners.",,
10,The Head and Face,https://langeek.co/en/vocab/subcategory/9/learn,10,tooth,/tuːθ/,He felt a sharp pain in his tooth and scheduled a dental appointment.,,
10,The Head and Face,https://langeek.co/en/vocab/subcategory/9/learn,11,lip,/lɪp/,He kissed her gently on the lips.,,
11,Opposite Adjectives,https://langeek.co/en/vocab/subcategory/11/learn,1,good,/ɡʊd/,She has a good memory and can remember details easily.,,
11,Opposite Adjectives,https://langeek.co/en/vocab/subcategory/11/learn,2,bad,/bæd/,The movie was bad and not enjoyable to watch.,,
11,Opposite Adjectives,https://langeek.co/en/vocab/subcategory/11/learn,3,high,/haɪ/,She had a high fever and needed to see a doctor.,,
11,Opposite Adjectives,https://langeek.co/en/vocab/subcategory/11/learn,4,low,/loʊ/,She was raising three kids on a low income.,,
11,Opposite Adjectives,https://langeek.co/en/vocab/subcategory/11/learn,5,big,/bɪɡ/,They live in a big house.,,
11,Opposite Adjectives,https://langeek.co/en/vocab/subcategory/11/learn,6,small,/smɔl/,He had a small backpack that was easy to carry.,,
11,Opposite Adjectives,https://langeek.co/en/vocab/subcategory/11/learn,7,heavy,/ˈhɛvi/,He felt the weight of the heavy burden on his shoulders.,,
11,Opposite Adjectives,https://langeek.co/en/vocab/subcategory/11/learn,8,light,/laɪt/,He carried a light backpack filled with his school supplies.,,
11,Opposite Adjectives,https://langeek.co/en/vocab/subcategory/11/learn,9,expensive,/ɪkˈspɛnsɪv/,He bought an expensive watch as a gift for his father.,,
11,Opposite Adjectives,https://langeek.co/en/vocab/subcategory/11/learn,10,cheap,/tʃiːp/,He found a cheap flight deal for his vacation.,,
11,Opposite Adjectives,https://langeek.co/en/vocab/subcategory/11/learn,11,old,/oʊld/,He fixed an old clock that had stopped ticking.,,
11,Opposite Adjectives,https://langeek.co/en/vocab/subcategory/11/learn,12,new,"/njuː/, /nuː/",The new software update includes several innovative features not seen before.,,
11,Opposite Adjectives,https://langeek.co/en/vocab/subcategory/11/learn,13,beautiful,/ˈbjuːtɪfəl/,He painted a beautiful portrait of his sister.,,
11,Opposite Adjectives,https://langeek.co/en/vocab/subcategory/11/learn,14,ugly,/ˈʌɡli/,"Don't be so mean, calling someone ugly is not nice.",,
11,Opposite Adjectives,https://langeek.co/en/vocab/subcategory/11/learn,15,clean,/kliːn/,He washed his hands to keep them clean.,,
11,Opposite Adjectives,https://langeek.co/en/vocab/subcategory/11/learn,16,dirty,/ˈdɝːti/,He had a dirty face after playing in the mud.,,
11,Opposite Adjectives,https://langeek.co/en/vocab/subcategory/11/learn,17,easy,/ˈiːzi/,Cooking pasta is easy; you just boil water and add the noodles.,,
11,Opposite Adjectives,https://langeek.co/en/vocab/subcategory/11/learn,18,difficult,/ˈdɪfɪˌkʌlt/,Solving complex mathematical equations can be difficult without a strong understanding of mathematical principles.,,
11,Opposite Adjectives,https://langeek.co/en/vocab/subcategory/11/learn,19,fast,/fæst/,He had a fast response to emergency situations.,,
11,Opposite Adjectives,https://langeek.co/en/vocab/subcategory/11/learn,20,slow,/sloʊ/,He had a slow computer that took a long time to start up.,,
11,Opposite Adjectives,https://langeek.co/en/vocab/subcategory/11/learn,21,different,/ˈdɪfɝːənt/,He had a different perspective on the movie.,,
11,Opposite Adjectives,https://langeek.co/en/vocab/subcategory/11/learn,22,same,/seɪm/,I chose the same topic for my presentation as last year.,,
11,Opposite Adjectives,https://langeek.co/en/vocab/subcategory/11/learn,23,right,/raɪt/,He made the right decision after carefully considering all the options.,,
11,Opposite Adjectives,https://langeek.co/en/vocab/subcategory/11/learn,24,wrong,/rɑŋ/,He followed the wrong directions and got lost.,,
11,Opposite Adjectives,https://langeek.co/en/vocab/subcategory/11/learn,25,open,/ˈoʊpən/,He left the laptop open to continue working on his project.,,
11,Opposite Adjectives,https://langeek.co/en/vocab/subcategory/11/learn,26,closed,/kloʊzd/,He found a closed shop and had to look for another place to buy groceries.,,
11,Opposite Adjectives,https://langeek.co/en/vocab/subcategory/11/learn,27,true,/truː/,The statement she made about the project was true; everything was completed on time.,,
11,Opposite Adjectives,https://langeek.co/en/vocab/subcategory/11/learn,28,false,/fɔls/,He made a false claim about his achievements to impress others.,,
11,Opposite Adjectives,https://langeek.co/en/vocab/subcategory/11/learn,29,rich,/rɪtʃ/,He invested wisely and became incredibly rich.,,
11,Opposite Adjectives,https://langeek.co/en/vocab/subcategory/11/learn,30,poor,"/pʊr/ , /pɔːr/",He wanted to help the poor family who were struggling to afford basic necessities like food and clothing.,,
11,Opposite Adjectives,https://langeek.co/en/vocab/subcategory/11/learn,31,sure,"/ʃʊr/ , /ʃɔːr/","Being sure of his memory, he recited the poem flawlessly in front of the audience.",,
11,Opposite Adjectives,https://langeek.co/en/vocab/subcategory/11/learn,32,unsure,"/ʌnˈʃʊr/ , /ʌnˈʃɔːr/",He was unsure if he wanted pizza or pasta for dinner.,,
11,Opposite Adjectives,https://langeek.co/en/vocab/subcategory/11/learn,33,correct,/kəˈrɛkt/,His correct pronunciation impressed everyone in the language class.,,
11,Opposite Adjectives,https://langeek.co/en/vocab/subcategory/11/learn,34,incorrect,/ˌɪnkəˈrɛkt/,"His answer was incorrect, so he didn't get full marks.",,
12,House and Apartment,https://langeek.co/en/vocab/subcategory/12/learn,1,building,/ˈbɪldɪŋ/,He worked in a modern office building with large windows.,,
12,House and Apartment,https://langeek.co/en/vocab/subcategory/12/learn,2,house,/haʊs/,She invited her friends over to her house for a birthday party.,,
12,House and Apartment,https://langeek.co/en/vocab/subcategory/12/learn,3,home,/hoʊm/,The family moved into a new home in the suburbs.,,
12,House and Apartment,https://langeek.co/en/vocab/subcategory/12/learn,4,apartment,/əˈpɑːrtmənt/,He rented an apartment in the city to be closer to his workplace.,,
12,House and Apartment,https://langeek.co/en/vocab/subcategory/12/learn,5,floor,/flɔːr/,He swept the floor to remove the dust and dirt.,,
12,House and Apartment,https://langeek.co/en/vocab/subcategory/12/learn,6,door,/dɔːr/,He closed the door behind him as he entered the room.,,
12,House and Apartment,https://langeek.co/en/vocab/subcategory/12/learn,7,window,/ˈwɪndoʊ/,"The gentle breeze flowed through the open window, bringing the scent of blooming flowers.",,
12,House and Apartment,https://langeek.co/en/vocab/subcategory/12/learn,8,wall,/wɔːl/,He noticed a spider crawling up the wall.,,
12,House and Apartment,https://langeek.co/en/vocab/subcategory/12/learn,9,room,"/ruːm/ , /rʊm/",I have a big room with a window.,,
12,House and Apartment,https://langeek.co/en/vocab/subcategory/12/learn,10,roof,"/ruːf/ , /rʊf/",He placed solar panels on the roof to generate electricity.,,
12,House and Apartment,https://langeek.co/en/vocab/subcategory/12/learn,11,ceiling,/ˈsiːlɪŋ/,He stood on a ladder to change a lightbulb on the ceiling.,,
12,House and Apartment,https://langeek.co/en/vocab/subcategory/12/learn,12,living room,/ˈlɪvɪŋ ruːm/,She gathered with her family in the living room to play board games.,,
12,House and Apartment,https://langeek.co/en/vocab/subcategory/12/learn,13,dining room,/ˈdaɪnɪŋ ruːm/,She cleans the dining room after each meal.,,
12,House and Apartment,https://langeek.co/en/vocab/subcategory/12/learn,14,kitchen,/ˈkɪtʃən/,My mother believes that no one should leave the kitchen after a meal until they have completely cleaned it.,,
12,House and Apartment,https://langeek.co/en/vocab/subcategory/12/learn,15,bedroom,/ˈbɛdruːm/,He kept his favorite toys on the shelves in his bedroom.,,
12,House and Apartment,https://langeek.co/en/vocab/subcategory/12/learn,16,bathroom,"/ˈbæθruːm/ , /ˈbæθrʊm/",He took a refreshing shower in the bathroom after a long day.,,
12,House and Apartment,https://langeek.co/en/vocab/subcategory/12/learn,17,garden,/ˈɡɑːrdən/,I like to take walks in the garden to admire the plants and listen to the birds.,,
12,House and Apartment,https://langeek.co/en/vocab/subcategory/12/learn,18,upstairs,/ˌʌpˈstɛrz/,I prefer to sleep upstairs in the loft rather than downstairs.,,
12,House and Apartment,https://langeek.co/en/vocab/subcategory/12/learn,19,downstairs,/ˌdaʊnˈstɛrz/,I left my bag downstairs in the entryway.,,
12,House and Apartment,https://langeek.co/en/vocab/subcategory/12/learn,20,closet,/ˈklɑːzɪt/,She stored her clothes and shoes neatly in the closet.,,
12,House and Apartment,https://langeek.co/en/vocab/subcategory/12/learn,21,part,/pɑːrt/,Asking questions is an integral part of gaining knowledge.,,
12,House and Apartment,https://langeek.co/en/vocab/subcategory/12/learn,22,elevator,/ˈɛləˌveɪtɚ/,I felt a bit nervous when the elevator suddenly stopped between floors.,,
12,House and Apartment,https://langeek.co/en/vocab/subcategory/12/learn,23,yard,/jɑrd/,I saw a squirrel running across the yard.,,
13,Furniture and Home Appliances,https://langeek.co/en/vocab/subcategory/13/learn,1,desk,/dɛsk/,I have a picture frame with a family photo on my desk.,,
13,Furniture and Home Appliances,https://langeek.co/en/vocab/subcategory/13/learn,2,chair,/tʃɛr/,I placed my bag on the empty chair next to me.,,
13,Furniture and Home Appliances,https://langeek.co/en/vocab/subcategory/13/learn,3,table,/ˈteɪbəl/,I cleared the table after dinner and washed the dishes.,,
13,Furniture and Home Appliances,https://langeek.co/en/vocab/subcategory/13/learn,4,sofa,/ˈsoʊfə/,"I spilled some coffee on the sofa, so I quickly cleaned it up.",,
13,Furniture and Home Appliances,https://langeek.co/en/vocab/subcategory/13/learn,5,bed,/bɛd/,I have a bedside table next to my bed for my books and glasses.,,
13,Furniture and Home Appliances,https://langeek.co/en/vocab/subcategory/13/learn,6,cabinet,/ˈkæbənɪt/,"The cabinet doors are made of glass, allowing us to see inside.",,
13,Furniture and Home Appliances,https://langeek.co/en/vocab/subcategory/13/learn,7,refrigerator,/rɪˈfrɪdʒəˌreɪtɚ/,I opened the fridge to get a bottle of water.,,
13,Furniture and Home Appliances,https://langeek.co/en/vocab/subcategory/13/learn,8,television,/ˈtɛləˌvɪʒən/,She watched her favorite show on the TV last night.,,
13,Furniture and Home Appliances,https://langeek.co/en/vocab/subcategory/13/learn,9,stove,/stoʊv/,I accidentally burned my hand on the hot stove.,,
14,Jobs,https://langeek.co/en/vocab/subcategory/14/learn,1,money,/ˈmʌni/,I really need to save money to buy a new bicycle.,,
14,Jobs,https://langeek.co/en/vocab/subcategory/14/learn,2,job,/dʒɑːb/,He enjoys his job because it allows him to be creative.,,
14,Jobs,https://langeek.co/en/vocab/subcategory/14/learn,3,work,/wɝːk/,"During the summer break, she took up work as a tour guide.",,
14,Jobs,https://langeek.co/en/vocab/subcategory/14/learn,4,doctor,/ˈdɑːktɚ/,I want to become a doctor so I can take care of people's health.,,
14,Jobs,https://langeek.co/en/vocab/subcategory/14/learn,5,dentist,/ˈdɛntɪst/,"I was nervous before my dental appointment, but the dentist made me feel comfortable.",,
14,Jobs,https://langeek.co/en/vocab/subcategory/14/learn,6,nurse,/nɝːs/,I appreciate the hard work and dedication of nurses in keeping us healthy and safe.,,
14,Jobs,https://langeek.co/en/vocab/subcategory/14/learn,7,teacher,/ˈtiːtʃɚ/,I raised my hand to give an answer when the teacher asked a question.,,
14,Jobs,https://langeek.co/en/vocab/subcategory/14/learn,8,engineer,/ˌɛnʤɪˈnɪr/,An engineer's job is to apply scientific principles to solve engineering challenges.,,
14,Jobs,https://langeek.co/en/vocab/subcategory/14/learn,9,actor,/ˈæktɚ/,Acting classes help aspiring actors develop their skills and techniques.,,
14,Jobs,https://langeek.co/en/vocab/subcategory/14/learn,10,actress,/ˈæktrəs/,I saw a famous actress at the shopping mall today.,,
14,Jobs,https://langeek.co/en/vocab/subcategory/14/learn,11,police officer,/pəˈliːs ˈɑːfɪsɚ/,The brave police officer rushed to the scene of the accident to provide assistance.,,
14,Jobs,https://langeek.co/en/vocab/subcategory/14/learn,12,waiter,/ˈweɪtɚ/,Our waiter cleared the empty plates from the table.,,
14,Jobs,https://langeek.co/en/vocab/subcategory/14/learn,13,waitress,/ˈweɪtrəs/,I asked the waitress for the bill after finishing my meal.,,
14,Jobs,https://langeek.co/en/vocab/subcategory/14/learn,14,driver,/ˈdraɪvɚ/,I waved to the bus driver as I got off at my stop.,,
15,Clothes and Shoes,https://langeek.co/en/vocab/subcategory/15/learn,1,clothes,/kloʊðz/,He always wears comfortable clothes when he goes for a run.,,
15,Clothes and Shoes,https://langeek.co/en/vocab/subcategory/15/learn,2,shirt,/ʃɝːt/,I need to iron my shirt before wearing it.,,
15,Clothes and Shoes,https://langeek.co/en/vocab/subcategory/15/learn,3,T-shirt,/ˈtiː ʃɝːt/,I spilled ketchup on my T-shirt while eating lunch.,,
15,Clothes and Shoes,https://langeek.co/en/vocab/subcategory/15/learn,4,pants,/pænts/,He is going to wear black pants and a white shirt for his job interview.,,
15,Clothes and Shoes,https://langeek.co/en/vocab/subcategory/15/learn,5,dress,/drɛs/,He asked her wife to wear a formal dress to the event.,,
15,Clothes and Shoes,https://langeek.co/en/vocab/subcategory/15/learn,6,skirt,/skɝːt/,I love twirling in my favorite skirt.,,
15,Clothes and Shoes,https://langeek.co/en/vocab/subcategory/15/learn,7,coat,/koʊt/,He buttoned up his coat to keep out the chilly wind.,,
15,Clothes and Shoes,https://langeek.co/en/vocab/subcategory/15/learn,8,jacket,/ˈdʒækɪt/,He put on his leather jacket before heading out on his motorcycle.,,
15,Clothes and Shoes,https://langeek.co/en/vocab/subcategory/15/learn,9,jeans,/dʒiːnz/,He bought a new pair of jeans that fit him perfectly.,,
15,Clothes and Shoes,https://langeek.co/en/vocab/subcategory/15/learn,10,sweater,/ˈswɛtɚ/,He bought a new sweater with a colorful pattern for me.,,
15,Clothes and Shoes,https://langeek.co/en/vocab/subcategory/15/learn,11,suit,/suːt/,He paired his suit with polished dress shoes.,,
15,Clothes and Shoes,https://langeek.co/en/vocab/subcategory/15/learn,12,tie,/taɪ/,He adjusted his tie in the mirror to make sure it was straight.,,
15,Clothes and Shoes,https://langeek.co/en/vocab/subcategory/15/learn,13,hat,/hæt/,He wore a cowboy hat to complete his Western-themed outfit.,,
15,Clothes and Shoes,https://langeek.co/en/vocab/subcategory/15/learn,14,purse,/pɝːs/,He found a purse on the street and returned it to its owner.,,
15,Clothes and Shoes,https://langeek.co/en/vocab/subcategory/15/learn,15,shoe,/ʃuː/,He polished his leather shoes to make them look shiny.,,
15,Clothes and Shoes,https://langeek.co/en/vocab/subcategory/15/learn,16,boot,/buːt/,I love the sound of my boots clicking on the wooden floor.,,
15,Clothes and Shoes,https://langeek.co/en/vocab/subcategory/15/learn,17,sock,/sɑːk/,He wore thick woolen socks to keep his feet cozy in the snow.,,
15,Clothes and Shoes,https://langeek.co/en/vocab/subcategory/15/learn,18,pajamas,/pəˈdʒɑːməz/,He forgot to change out of his pajamas before going to the store.,,
15,Clothes and Shoes,https://langeek.co/en/vocab/subcategory/15/learn,19,underwear,/ˈʌndɚˌwɛr/,He accidentally put his underwear on inside out.,,
15,Clothes and Shoes,https://langeek.co/en/vocab/subcategory/15/learn,20,swimsuit,/ˈswɪmˌsuːt/,He enjoys wearing his swimsuit at the water park on hot summer days.,,
16,Animals,https://langeek.co/en/vocab/subcategory/16/learn,1,animal,/ˈænɪməl/,Birds are animals that can fly and build nests in trees.,,
16,Animals,https://langeek.co/en/vocab/subcategory/16/learn,2,cat,/kæt/,I heard a cat meowing outside my window.,,
16,Animals,https://langeek.co/en/vocab/subcategory/16/learn,3,dog,/dɔːɡ/,I found a lost dog and helped it find its owner.,,
16,Animals,https://langeek.co/en/vocab/subcategory/16/learn,4,horse,/hɔːrs/,A beautiful white horse grazed peacefully in the meadow.,,
16,Animals,https://langeek.co/en/vocab/subcategory/16/learn,5,sheep,/ʃiːp/,A curious sheep approached me and sniffed my hand.,,
16,Animals,https://langeek.co/en/vocab/subcategory/16/learn,6,cow,/kaʊ/,I learned about different breeds of cows and their characteristics.,,
16,Animals,https://langeek.co/en/vocab/subcategory/16/learn,7,pig,/pɪɡ/,I watched as the pig rooted around in the dirt for food.,,
16,Animals,https://langeek.co/en/vocab/subcategory/16/learn,8,lion,/ˈlaɪən/,I saw a lion hunting for prey in the tall grass.,,
16,Animals,https://langeek.co/en/vocab/subcategory/16/learn,9,rabbit,/ˈræbɪt/,I gave a carrot to the hungry rabbit.,,
16,Animals,https://langeek.co/en/vocab/subcategory/16/learn,10,mouse,/maʊs/,I gave some cheese to the hungry mouse.,,
16,Animals,https://langeek.co/en/vocab/subcategory/16/learn,11,snake,/sneɪk/,I watched as the snake swallowed its prey whole.,,
16,Animals,https://langeek.co/en/vocab/subcategory/16/learn,12,fish,/fɪʃ/,"My dad took me fishing, and we caught a big fish.",,
16,Animals,https://langeek.co/en/vocab/subcategory/16/learn,13,elephant,/ˈɛləfənt/,Elephants are known for their intelligence and remarkable memory.,,
16,Animals,https://langeek.co/en/vocab/subcategory/16/learn,14,bird,/bɜrd/,I saw a bird pecking at the ground searching for food.,,
16,Animals,https://langeek.co/en/vocab/subcategory/16/learn,15,chicken,/ˈtʃɪkən/,My grandfather used to raise chickens on his farm.,,
17,Basic Verbs,https://langeek.co/en/vocab/subcategory/7/learn,1,to be,/biː/,Is there a solution to this complex problem?,,
17,Basic Verbs,https://langeek.co/en/vocab/subcategory/7/learn,2,to wake up,/ˈweɪk ˈʌp/,I remind her to wake up early for her flight tomorrow.,,
17,Basic Verbs,https://langeek.co/en/vocab/subcategory/7/learn,3,to sleep,/sliːp/,"After a long day of work, I like to relax and sleep to recharge my energy.",,
17,Basic Verbs,https://langeek.co/en/vocab/subcategory/7/learn,4,to work,/wɝːk/,Both of my siblings work full-time jobs.,,
17,Basic Verbs,https://langeek.co/en/vocab/subcategory/7/learn,5,to drive,/draɪv/,You should drive with both hands on the steering wheel.,,
17,Basic Verbs,https://langeek.co/en/vocab/subcategory/7/learn,6,to buy,/baɪ/,I need to buy groceries for dinner tonight.,,
17,Basic Verbs,https://langeek.co/en/vocab/subcategory/7/learn,7,to sell,/sɛl/,Are you planning to sell your house in the near future?,,
17,Basic Verbs,https://langeek.co/en/vocab/subcategory/7/learn,8,to read,/riːd/,I can read this book easily.,,
17,Basic Verbs,https://langeek.co/en/vocab/subcategory/7/learn,9,to write,/raɪt/,Can you write your address on this form?,,
17,Basic Verbs,https://langeek.co/en/vocab/subcategory/7/learn,10,to play,/pleɪ/,A group of kids were playing tag in the park.,,
17,Basic Verbs,https://langeek.co/en/vocab/subcategory/7/learn,11,to pay,/peɪ/,She paid the repairman to fix her broken dishwasher.,,
17,Basic Verbs,https://langeek.co/en/vocab/subcategory/7/learn,12,to rest,/rɛst/,"After a long day at work, I like to rest on the couch and watch TV.",,
17,Basic Verbs,https://langeek.co/en/vocab/subcategory/7/learn,13,to wash,"/wɑːʃ/ , /wɒʃ/",I always wash my hands before eating.,,
17,Basic Verbs,https://langeek.co/en/vocab/subcategory/7/learn,14,to drink,/drɪŋk/,"He prefers to drink hot chocolate in the winter, not in the summer.",,
17,Basic Verbs,https://langeek.co/en/vocab/subcategory/7/learn,15,to cook,/kʊk/,I love to cook scrambled eggs with cheese for breakfast.,,
17,Basic Verbs,https://langeek.co/en/vocab/subcategory/7/learn,16,to eat,/iːt/,They enjoy eating pizza on Friday nights.,,
17,Basic Verbs,https://langeek.co/en/vocab/subcategory/7/learn,17,to have,/hæv/,Let's have breakfast together before we start our day.,,
17,Basic Verbs,https://langeek.co/en/vocab/subcategory/7/learn,18,to make,/meɪk/,The students will make a model of the solar system for the science fair.,,
17,Basic Verbs,https://langeek.co/en/vocab/subcategory/7/learn,19,to wear,/wɛr/,She decided to wear a beautiful dress to the party.,,
17,Basic Verbs,https://langeek.co/en/vocab/subcategory/7/learn,20,to clean,/kliːn/,I need to clean my glasses; they are dirty.,,
17,Basic Verbs,https://langeek.co/en/vocab/subcategory/7/learn,21,to think,/θɪŋk/,He thinks that the restaurant serves the best pizza in town.,,
17,Basic Verbs,https://langeek.co/en/vocab/subcategory/7/learn,22,to take,/teɪk/,He took the cup of coffee from the table and sipped it slowly.,,
17,Basic Verbs,https://langeek.co/en/vocab/subcategory/7/learn,23,to stand,/stænd/,He likes to stand on the balcony to feel the breeze.,,
17,Basic Verbs,https://langeek.co/en/vocab/subcategory/7/learn,24,to speak,/spiːk/,He spoke about his experiences during the meeting.,,
17,Basic Verbs,https://langeek.co/en/vocab/subcategory/7/learn,25,to spell,/spɛl/,"He struggles to spell the word ""restaurant"" correctly.",,
17,Basic Verbs,https://langeek.co/en/vocab/subcategory/7/learn,26,to dislike,/dɪsˈlaɪk/,He dislikes cold weather; he prefers warmer climates.,,
17,Basic Verbs,https://langeek.co/en/vocab/subcategory/7/learn,27,to add,/æd/,An extra paragraph was added to the report for additional information.,,
17,Basic Verbs,https://langeek.co/en/vocab/subcategory/7/learn,28,to call,/kɔːl/,Do you know anyone called Emily?,,
17,Basic Verbs,https://langeek.co/en/vocab/subcategory/7/learn,29,to create,/kriˈeɪt/,Many entrepreneurs aspire to create successful businesses.,,
17,Basic Verbs,https://langeek.co/en/vocab/subcategory/7/learn,30,to cut,/kʌt/,I cut the paper with scissors to make a snowflake.,,
18,Household Items,https://langeek.co/en/vocab/subcategory/20/learn,1,dish,/dɪʃ/,I cooked the lasagna in a large baking dish.,,
18,Household Items,https://langeek.co/en/vocab/subcategory/20/learn,2,spoon,/spuːn/,He used a measuring spoon to add spices to the recipe.,,
18,Household Items,https://langeek.co/en/vocab/subcategory/20/learn,3,fork,/fɔːrk/,I gently tapped the glass with a fork to make a sound.,,
18,Household Items,https://langeek.co/en/vocab/subcategory/20/learn,4,knife,/naɪf/,He carefully peeled the apple with a sharp knife.,,
18,Household Items,https://langeek.co/en/vocab/subcategory/20/learn,5,plate,/pleɪt/,He served the salad on a large ceramic plate.,,
18,Household Items,https://langeek.co/en/vocab/subcategory/20/learn,6,glass,/ɡlæs/,Sarah enjoyed her milkshake in a thick glass with a straw.,,
18,Household Items,https://langeek.co/en/vocab/subcategory/20/learn,7,bottle,/ˈbɑːtəl/,He used a spray bottle to mist the plants with water.,,
18,Household Items,https://langeek.co/en/vocab/subcategory/20/learn,8,cup,/kʌp/,He admired the hand-painted design on the teacup.,,
18,Household Items,https://langeek.co/en/vocab/subcategory/20/learn,9,soap,/soʊp/,He dropped the slippery soap in the shower.,,
18,Household Items,https://langeek.co/en/vocab/subcategory/20/learn,10,brush,/brʌʃ/,I usually use a brush with natural bristles to distribute oils in my hair.,,
18,Household Items,https://langeek.co/en/vocab/subcategory/20/learn,11,toothbrush,/ˈtuːθˌbrʌʃ/,He applied toothpaste to his toothbrush and started brushing his teeth in circular motions.,,
18,Household Items,https://langeek.co/en/vocab/subcategory/20/learn,12,pillow,/ˈpɪloʊ/,I need to buy a new pillow for better neck support.,,
18,Household Items,https://langeek.co/en/vocab/subcategory/20/learn,13,trash can,/ˈtræʃ ˌkæn/,He emptied the full trash can into the larger dumpster outside.,,
18,Household Items,https://langeek.co/en/vocab/subcategory/20/learn,14,box,/bɑːks/,He placed the puzzle pieces back into the puzzle box.,,
18,Household Items,https://langeek.co/en/vocab/subcategory/20/learn,15,thing,/θɪŋ/,I misplaced my phone; it's the one thing I can't find right now.,,
18,Household Items,https://langeek.co/en/vocab/subcategory/20/learn,16,ball,/bɔːl/,"I hit the ball with a golf club, sending it flying towards the hole.",,
18,Household Items,https://langeek.co/en/vocab/subcategory/20/learn,17,doll,/dɑːl/,"My baby hugged his soft, plush doll tightly while sleeping.",,
19,Food and Ingredients,https://langeek.co/en/vocab/subcategory/21/learn,1,food,/fuːd/,He enjoyed trying new foods while traveling abroad.,,
19,Food and Ingredients,https://langeek.co/en/vocab/subcategory/21/learn,2,meat,/miːt/,Grilled chicken breast is a lean and flavorful meat option for a healthy dinner.,,
19,Food and Ingredients,https://langeek.co/en/vocab/subcategory/21/learn,3,fish,/fɪʃ/,He used white fish to make fish and vegetable stir-fry for a healthy dinner.,,
19,Food and Ingredients,https://langeek.co/en/vocab/subcategory/21/learn,4,chicken,/ˈtʃɪkən/,He grilled a juicy chicken breast for his dinner.,,
19,Food and Ingredients,https://langeek.co/en/vocab/subcategory/21/learn,5,vegetable,/ˈvɛdʒtəbl/,"Fresh vegetables like tomatoes, cucumbers, and lettuce make a delicious salad.",,
19,Food and Ingredients,https://langeek.co/en/vocab/subcategory/21/learn,6,cucumber,/ˈkjuːˌkʌmbɚ/,He discovered the soothing properties of cucumber slices on his tired eyes after a long day.,,
19,Food and Ingredients,https://langeek.co/en/vocab/subcategory/21/learn,7,potato,/pəˈteɪtoʊ/,He used leftover mashed potatoes to make cheesy potato croquettes.,,
19,Food and Ingredients,https://langeek.co/en/vocab/subcategory/21/learn,8,onion,/ˈʌnjən/,I added chopped green onions to my Asian-inspired noodle dish.,,
19,Food and Ingredients,https://langeek.co/en/vocab/subcategory/21/learn,9,tomato,/təˈmeɪtoʊ/,He made a tomato and avocado salad with a zesty lemon dressing.,,
19,Food and Ingredients,https://langeek.co/en/vocab/subcategory/21/learn,10,carrot,/ˈkærət/,He pretended the carrot was a microphone and sang a silly song in front of the mirror.,,
19,Food and Ingredients,https://langeek.co/en/vocab/subcategory/21/learn,11,pepper,/ˈpɛpɚ/,"As a chef, I always make sure to have freshly ground pepper on hand to elevate the flavors of my dishes.",,
19,Food and Ingredients,https://langeek.co/en/vocab/subcategory/21/learn,12,fruit,/fruːt/,"For a refreshing summer treat, try blending frozen fruit, like bananas and berries, into a creamy smoothie.",,
19,Food and Ingredients,https://langeek.co/en/vocab/subcategory/21/learn,13,apple,/ˈæpəl/,Can you please pass me that shiny red apple?,,
19,Food and Ingredients,https://langeek.co/en/vocab/subcategory/21/learn,14,orange,/ˈɔːrɪndʒ/,Orange slices make a healthy and tasty snack.,,
19,Food and Ingredients,https://langeek.co/en/vocab/subcategory/21/learn,15,grape,/ɡreɪp/,"A teaspoon of grape vinegar brightened up the tomato soup, giving it a pleasant tang.",,
19,Food and Ingredients,https://langeek.co/en/vocab/subcategory/21/learn,16,banana,/bəˈnænə/,Bananas are my go-to ingredient for making a creamy and delicious smoothie in the morning.,,
19,Food and Ingredients,https://langeek.co/en/vocab/subcategory/21/learn,17,peach,/piːtʃ/,He shared a juicy peach with his friend during a picnic in the park.,,
19,Food and Ingredients,https://langeek.co/en/vocab/subcategory/21/learn,18,lemon,/ˈlɛmən/,A few drops of lemon juice in a glass of water make for a simple and refreshing detoxifying drink.,,
19,Food and Ingredients,https://langeek.co/en/vocab/subcategory/21/learn,19,milk,/mɪlk/,Consuming milk can help maintain healthy skin due to the presence of vitamin A.,,
19,Food and Ingredients,https://langeek.co/en/vocab/subcategory/21/learn,20,cheese,/tʃiːz/,Blue cheese crumbles are a tasty addition to burgers or salads.,,
19,Food and Ingredients,https://langeek.co/en/vocab/subcategory/21/learn,21,butter,/ˈbʌtɚ/,Butter is a key ingredient in making flaky and delicious pie crusts.,,
19,Food and Ingredients,https://langeek.co/en/vocab/subcategory/21/learn,22,egg,/ɛɡ/,Can you help me crack the eggs for the cake batter?,,
19,Food and Ingredients,https://langeek.co/en/vocab/subcategory/21/learn,23,cream,/kriːm/,He stirred cream into his pasta sauce to make it rich and creamy.,,
20,Food and Drinks,https://langeek.co/en/vocab/subcategory/22/learn,1,meal,/miːl/,I cooked a delicious meal of grilled chicken with roasted vegetables.,,
20,Food and Drinks,https://langeek.co/en/vocab/subcategory/22/learn,2,breakfast,/ˈbrekfəst/,Breakfast plays an important role as it provides the body with the necessary energy and nutrients to start the day.,,
20,Food and Drinks,https://langeek.co/en/vocab/subcategory/22/learn,3,lunch,/lʌntʃ/,I made a Greek salad with feta cheese and olives for a healthy and flavorful lunch.,,
20,Food and Drinks,https://langeek.co/en/vocab/subcategory/22/learn,4,dinner,/ˈdɪnɚ/,"For dinner, I cooked a delicious chicken stir-fry with vegetables.",,
20,Food and Drinks,https://langeek.co/en/vocab/subcategory/22/learn,5,tea,/tiː/,He added a splash of milk to his black tea for a creamy and smooth taste.,,
20,Food and Drinks,https://langeek.co/en/vocab/subcategory/22/learn,6,coffee,"/ˈkɑːfi/, /ˈkɔːfi/",He savored the aroma of freshly brewed coffee before taking his first sip.,,
20,Food and Drinks,https://langeek.co/en/vocab/subcategory/22/learn,7,cake,/keɪk/,He baked a gluten-free almond cake for his friend with dietary restrictions.,,
20,Food and Drinks,https://langeek.co/en/vocab/subcategory/22/learn,8,cookie,/ˈkʊki/,He enjoyed a soft and buttery shortbread cookie with a cup of tea.,,
20,Food and Drinks,https://langeek.co/en/vocab/subcategory/22/learn,9,bread,/brɛd/,I toasted a slice of bread and spread peanut butter on it for breakfast.,,
20,Food and Drinks,https://langeek.co/en/vocab/subcategory/22/learn,10,honey,/ˈhʌni/,He enjoys a spoonful of honey before bed to help calm his cough and promote a good night's sleep.,,
20,Food and Drinks,https://langeek.co/en/vocab/subcategory/22/learn,11,jam,/dʒæm/,"Can you pass me the jar of raspberry jam, please?",,
20,Food and Drinks,https://langeek.co/en/vocab/subcategory/22/learn,12,juice,/dʒuːs/,"Can you pour me a cup of grape juice, please?",,
20,Food and Drinks,https://langeek.co/en/vocab/subcategory/22/learn,13,ice cream,/ˈaɪs ˌkriːm/,"I accidentally dropped my ice cream cone on the ground, and it melted.",,
20,Food and Drinks,https://langeek.co/en/vocab/subcategory/22/learn,14,water,/ˈwɑːtɚ/,"I accidentally spilled water on my laptop, and now it won't turn on.",,
20,Food and Drinks,https://langeek.co/en/vocab/subcategory/22/learn,15,rice,/raɪs/,I prefer brown rice over white rice for its nutritional benefits.,,
20,Food and Drinks,https://langeek.co/en/vocab/subcategory/22/learn,16,chocolate milk,/ˈʧɔːklət ˈmɪlk/,Chocolate milk is my son's favorite drink to enjoy after school.,,
20,Food and Drinks,https://langeek.co/en/vocab/subcategory/22/learn,17,soup,/suːp/,I always garnish my soup with a sprinkle of fresh herbs.,,
20,Food and Drinks,https://langeek.co/en/vocab/subcategory/22/learn,18,salad,/ˈsæləd/,I like to have a refreshing green salad with my lunch.,,
20,Food and Drinks,https://langeek.co/en/vocab/subcategory/22/learn,19,pizza,/ˈpiːtsə/,"I added mushrooms, onions, and bell peppers as toppings on my pizza.",,
20,Food and Drinks,https://langeek.co/en/vocab/subcategory/22/learn,20,sandwich,/ˈsændwɪʧ/,I like to add pickles and mustard to my ham sandwich.,,
20,Food and Drinks,https://langeek.co/en/vocab/subcategory/22/learn,21,sugar,/ˈʃʊɡɚ/,A drizzle of sugar syrup over pancakes or waffles adds a delightful sweetness to breakfast.,,
20,Food and Drinks,https://langeek.co/en/vocab/subcategory/22/learn,22,salt,/sɔːlt/,Can you please pass the salt?,,
21,The Weather and Nature,https://langeek.co/en/vocab/subcategory/23/learn,1,weather,/ˈwɛðɚ/,I check the weather forecast every morning to plan my outfit.,,
21,The Weather and Nature,https://langeek.co/en/vocab/subcategory/23/learn,2,fire,/ˈfaɪɚ/,Can you please add some logs to the fire to keep it burning?,,
21,The Weather and Nature,https://langeek.co/en/vocab/subcategory/23/learn,3,hot,/hɑːt/,I turned on the air conditioner because it was getting too hot inside.,,
21,The Weather and Nature,https://langeek.co/en/vocab/subcategory/23/learn,4,cold,/koʊld/,I prefer to drink cold water on a hot day.,,
21,The Weather and Nature,https://langeek.co/en/vocab/subcategory/23/learn,5,sunny,/ˈsʌni/,"It's a beautiful sunny day, perfect for a picnic in the park.",,
21,The Weather and Nature,https://langeek.co/en/vocab/subcategory/23/learn,6,cloud,/klaʊd/,My little son was looking up at the sky and showing me the fluffy white clouds.,,
21,The Weather and Nature,https://langeek.co/en/vocab/subcategory/23/learn,7,cloudy,/ˈklaʊdi/,I carried an umbrella with me because the weather looked cloudy.,,
21,The Weather and Nature,https://langeek.co/en/vocab/subcategory/23/learn,8,rain,/reɪn/,Can you hear the sound of rain tapping on the window?,,
21,The Weather and Nature,https://langeek.co/en/vocab/subcategory/23/learn,9,rainy,/ˈreɪni/,I like to listen to the sound of raindrops falling on the roof during a rainy day.,,
21,The Weather and Nature,https://langeek.co/en/vocab/subcategory/23/learn,10,snowy,/ˈsnoʊi/,"We had a snowy weekend in the mountains, surrounded by beautiful white landscapes.",,
21,The Weather and Nature,https://langeek.co/en/vocab/subcategory/23/learn,11,ice,/aɪs/,I put ice cubes in my drink to make it cold.,,
21,The Weather and Nature,https://langeek.co/en/vocab/subcategory/23/learn,12,nature,/ˈneɪtʃɚ/,Can you hear the sound of nature?,,
21,The Weather and Nature,https://langeek.co/en/vocab/subcategory/23/learn,13,sun,/sʌn/,"The sun shines brightly, lighting up the entire sky.",,
21,The Weather and Nature,https://langeek.co/en/vocab/subcategory/23/learn,14,moon,/muːn/,Can you see the moon peeking out from behind the clouds?,,
21,The Weather and Nature,https://langeek.co/en/vocab/subcategory/23/learn,15,Earth,/ɝːθ/,"The Earth has diverse ecosystems, ranging from forests to deserts.",,
21,The Weather and Nature,https://langeek.co/en/vocab/subcategory/23/learn,16,sky,/skaɪ/,"The dark clouds covered the sky, signaling an approaching storm.",,
21,The Weather and Nature,https://langeek.co/en/vocab/subcategory/23/learn,17,river,/ˈrɪvɚ/,I dipped my feet in the cool water of the river.,,
21,The Weather and Nature,https://langeek.co/en/vocab/subcategory/23/learn,18,sea,/siː/,I hear the sound of seagulls near the sea.,,
21,The Weather and Nature,https://langeek.co/en/vocab/subcategory/23/learn,19,mountain,/ˈmaʊntn/,"I took a photo of the mountain peak, capturing its majestic beauty.",,
21,The Weather and Nature,https://langeek.co/en/vocab/subcategory/23/learn,20,beach,/biːtʃ/,I buried my feet in the warm sand at the beach.,,
21,The Weather and Nature,https://langeek.co/en/vocab/subcategory/23/learn,21,forest,/ˈfɔːrɪst/,I love the fresh scent of pine trees in the forest.,,
21,The Weather and Nature,https://langeek.co/en/vocab/subcategory/23/learn,22,island,/ˈaɪlənd/,I collected seashells as souvenirs from the beautiful island.,,
21,The Weather and Nature,https://langeek.co/en/vocab/subcategory/23/learn,23,star,/stɑr/,I looked up at the night sky and saw a shooting star.,,
21,The Weather and Nature,https://langeek.co/en/vocab/subcategory/23/learn,24,tree,/triː/,I enjoyed the sweet scent of blossoms on the flowering tree.,,
21,The Weather and Nature,https://langeek.co/en/vocab/subcategory/23/learn,25,flower,/ˈflaʊɚ/,I decided to buy myself a bouquet of flowers to brighten up my home.,,
22,Useful Verbs,https://langeek.co/en/vocab/subcategory/17/learn,1,to hear,/hɪr/,I heard footsteps behind me and quickly turned around.,,
22,Useful Verbs,https://langeek.co/en/vocab/subcategory/17/learn,2,to listen,/ˈlɪsən/,"Listen closely, and you can hear the birds singing in the trees.",,
22,Useful Verbs,https://langeek.co/en/vocab/subcategory/17/learn,3,to see,/siː/,Did you see that shooting star just now?,,
22,Useful Verbs,https://langeek.co/en/vocab/subcategory/17/learn,4,to look,/lʊk/,He looked at his watch to check the time.,,
22,Useful Verbs,https://langeek.co/en/vocab/subcategory/17/learn,5,to watch,/wɑːtʃ/,He sat on the park bench and watched the sunset.,,
22,Useful Verbs,https://langeek.co/en/vocab/subcategory/17/learn,6,to touch,/tʌtʃ/,Please don't touch the fragile glass display.,,
22,Useful Verbs,https://langeek.co/en/vocab/subcategory/17/learn,7,to feel,/fiːl/,"After watching the emotional movie, he felt sad for hours.",,
22,Useful Verbs,https://langeek.co/en/vocab/subcategory/17/learn,8,to talk,/tɑːk/,He talked to his friend about his recent breakup.,,
22,Useful Verbs,https://langeek.co/en/vocab/subcategory/17/learn,9,to call,/kɔːl/,Can you call me back in ten minutes?,,
22,Useful Verbs,https://langeek.co/en/vocab/subcategory/17/learn,10,to like,/laɪk/,He doesn't like the feeling of being rushed.,,
22,Useful Verbs,https://langeek.co/en/vocab/subcategory/17/learn,11,to love,/lʌv/,"He loves his dog, Max, and takes him for long walks every day.",,
22,Useful Verbs,https://langeek.co/en/vocab/subcategory/17/learn,12,to hate,/heɪt/,Can you please stop making that noise? I hate it.,,
22,Useful Verbs,https://langeek.co/en/vocab/subcategory/17/learn,13,to know,/noʊ/,Do you know where the nearest gas station is?,,
22,Useful Verbs,https://langeek.co/en/vocab/subcategory/17/learn,14,to learn,/lɝːn/,He learned valuable negotiation skills by watching experienced negotiators in action,,
22,Useful Verbs,https://langeek.co/en/vocab/subcategory/17/learn,15,to ask,/æsk/,Can you ask him if he'll be at the meeting tomorrow?,,
22,Useful Verbs,https://langeek.co/en/vocab/subcategory/17/learn,16,to study,/ˈstʌdi/,She spends hours every day to study for her upcoming exams.,,
22,Useful Verbs,https://langeek.co/en/vocab/subcategory/17/learn,17,to teach,/tiːtʃ/,She teaches yoga to promote health and well-being.,,
22,Useful Verbs,https://langeek.co/en/vocab/subcategory/17/learn,18,to need,/niːd/,Do you need any help with your project?,,
22,Useful Verbs,https://langeek.co/en/vocab/subcategory/17/learn,19,to want,/wɑːnt/,He wants to go to the beach.,,
22,Useful Verbs,https://langeek.co/en/vocab/subcategory/17/learn,20,to share,/ʃɛr/,The couple plans to share a bank account after marriage.,,
22,Useful Verbs,https://langeek.co/en/vocab/subcategory/17/learn,21,to put,/pʊt/,Did she put the flowers in the vase?,,
22,Useful Verbs,https://langeek.co/en/vocab/subcategory/17/learn,22,to prepare,/prɪˈpɛr/,He prepares his outfit the night before to save time in the morning.,,
22,Useful Verbs,https://langeek.co/en/vocab/subcategory/17/learn,23,to plan,/plæn/,They planned the trip months in advance to ensure everything was in place.,,
22,Useful Verbs,https://langeek.co/en/vocab/subcategory/17/learn,24,to explain,/ɪkˈspleɪn/,He explained the plot of the movie to his friend who hadn't seen it.,,
22,Useful Verbs,https://langeek.co/en/vocab/subcategory/17/learn,25,to fill,/fɪl/,He filled the bucket with sand to build a sandcastle.,,
22,Useful Verbs,https://langeek.co/en/vocab/subcategory/17/learn,26,to fly,/flaɪ/,Birds can fly freely in the sky.,,
22,Useful Verbs,https://langeek.co/en/vocab/subcategory/17/learn,27,to get,/ɡɛt/,She got ready for the interview by researching the company.,,
22,Useful Verbs,https://langeek.co/en/vocab/subcategory/17/learn,28,to become,/bɪˈkʌm/,He's training to become a pilot at a flight school.,,
23,School,https://langeek.co/en/vocab/subcategory/26/learn,1,school,/skuːl/,He forgot his homework and had to rush back to school to get it.,,
23,School,https://langeek.co/en/vocab/subcategory/26/learn,2,college,/ˈkɑːlɪdʒ/,I am excited to start college and pursue my degree.,,
23,School,https://langeek.co/en/vocab/subcategory/26/learn,3,university,/ˌjuːnɪˈvɝːsɪti/,I will graduate from university next year with a degree in psychology.,,
23,School,https://langeek.co/en/vocab/subcategory/26/learn,4,preschool,/ˈpriːˌskuːl/,He made new friends at preschool and enjoys sharing toys with them.,,
23,School,https://langeek.co/en/vocab/subcategory/26/learn,5,classroom,/ˈklæsˌruːm/,I keep my school supplies organized in my backpack for the classroom.,,
23,School,https://langeek.co/en/vocab/subcategory/26/learn,6,student,/ˈstuːdnt/,Can you introduce yourself to the new student in class?,,
23,School,https://langeek.co/en/vocab/subcategory/26/learn,7,book,/bʊk/,I always carry a book in my bag so I can read during my commute or whenever I have free time.,,
23,School,https://langeek.co/en/vocab/subcategory/26/learn,8,notebook,/ˈnoʊtˌbʊk/,He writes down his ideas and thoughts in his notebook.,,
23,School,https://langeek.co/en/vocab/subcategory/26/learn,9,bag,/bæɡ/,Can you hold my bag while I tie my shoelaces?,,
23,School,https://langeek.co/en/vocab/subcategory/26/learn,10,pen,/pen/,Can you lend me your red pen to fill out this form?,,
23,School,https://langeek.co/en/vocab/subcategory/26/learn,11,pencil,/ˈpɛnsl/,He uses a pencil to shade and create different tones in his artwork.,,
23,School,https://langeek.co/en/vocab/subcategory/26/learn,12,eraser,/ɪˈreɪsɚ/,He gently rubs the eraser over the words to erase them completely.,,
23,School,https://langeek.co/en/vocab/subcategory/26/learn,13,marker,/ˈmɑːrkɚ/,He uses a whiteboard marker to write on the board during presentations.,,
23,School,https://langeek.co/en/vocab/subcategory/26/learn,14,homework,/ˈhoʊmˌwɝːk/,I always double-check my homework to ensure it is accurate.,,
23,School,https://langeek.co/en/vocab/subcategory/26/learn,15,history,"/ˈhɪstɚi/ , /ˈhɪstri/",Can you recommend any online resources for studying world history?,,
23,School,https://langeek.co/en/vocab/subcategory/26/learn,16,language,/ˈlæŋɡwɪdʒ/,He wants to become bilingual and speak multiple languages fluently.,,
23,School,https://langeek.co/en/vocab/subcategory/26/learn,17,science,/ˈsaɪəns/,I enjoy conducting experiments and making observations in science class.,,
23,School,https://langeek.co/en/vocab/subcategory/26/learn,18,class,/klæs/,"The teacher greeted the class as they entered the classroom, ready to begin the day's lesson.",,
24,City,https://langeek.co/en/vocab/subcategory/27/learn,1,city,/ˈsɪti/,She enjoys exploring the city's parks and landmarks on weekends.,,
24,City,https://langeek.co/en/vocab/subcategory/27/learn,2,town,/taʊn/,I live in a small town surrounded by beautiful countryside.,,
24,City,https://langeek.co/en/vocab/subcategory/27/learn,3,street,/striːt/,He parked his car on the street and walked to the nearby café.,,
24,City,https://langeek.co/en/vocab/subcategory/27/learn,4,bank,/bænk/,Can you recommend a reliable bank for opening a new account?,,
24,City,https://langeek.co/en/vocab/subcategory/27/learn,5,hospital,/ˈhɑːspɪtl/,I visited my friend at the hospital and brought her some flowers.,,
24,City,https://langeek.co/en/vocab/subcategory/27/learn,6,restaurant,/ˈrɛstərɑːnt/,He works as a chef in a popular restaurant.,,
24,City,https://langeek.co/en/vocab/subcategory/27/learn,7,movie theater,/ˈmuːvi ˈθiːətɚ/,He likes the comfortable seats and big screen at the movie theater.,,
24,City,https://langeek.co/en/vocab/subcategory/27/learn,8,supermarket,/ˈsuːpɚˌmɑːrkɪt/,"He works as a cashier at the supermarket, scanning and bagging customers' items.",,
24,City,https://langeek.co/en/vocab/subcategory/27/learn,9,post office,/ˈpoʊst ˈɒfɪs/,I like to check my mailbox at the post office every day for any new mail.,,
24,City,https://langeek.co/en/vocab/subcategory/27/learn,10,bench,/bɛnʧ/,I like to sit on the bench and watch people walking by.,,
24,City,https://langeek.co/en/vocab/subcategory/27/learn,11,museum,/mjuˈziːəm/,He marveled at the dinosaur skeletons in the natural history museum.,,
24,City,https://langeek.co/en/vocab/subcategory/27/learn,12,park,/pɑrk/,He flew a kite in the park on a sunny day.,,
24,City,https://langeek.co/en/vocab/subcategory/27/learn,13,hotel,/hoʊˈtɛl/,Can you recommend a budget-friendly hotel in the city center?,,
24,City,https://langeek.co/en/vocab/subcategory/27/learn,14,police,/pəˈliːs/,She felt safer knowing that the police were patrolling the neighborhood.,,
24,City,https://langeek.co/en/vocab/subcategory/27/learn,15,map,/mæp/,He studied the map to plan the best route for his road trip.,,
25,Free Time Activities,https://langeek.co/en/vocab/subcategory/28/learn,1,hobby,/ˈhɑːbi/,Can you guess what his favorite hobby is?,,
25,Free Time Activities,https://langeek.co/en/vocab/subcategory/28/learn,2,movie,/ˈmuːvi/,He watched a scary movie and got scared during the suspenseful scenes.,,
25,Free Time Activities,https://langeek.co/en/vocab/subcategory/28/learn,3,music,/ˈmjuːzɪk/,He plays the piano and enjoys composing beautiful music.,,
25,Free Time Activities,https://langeek.co/en/vocab/subcategory/28/learn,4,guitar,/ɡɪˈtɑːr/,He is practicing fingerpicking techniques on the guitar.,,
25,Free Time Activities,https://langeek.co/en/vocab/subcategory/28/learn,5,piano,/piˈænoʊ/,I learned how to read sheet music to play the piano.,,
25,Free Time Activities,https://langeek.co/en/vocab/subcategory/28/learn,6,violin,/ˌvaɪəˈlɪn/,Can you show me the proper way to hold the violin bow?,,
25,Free Time Activities,https://langeek.co/en/vocab/subcategory/28/learn,7,swimming,/ˈswɪmɪŋ/,He learned how to do the front crawl stroke in swimming lessons.,,
25,Free Time Activities,https://langeek.co/en/vocab/subcategory/28/learn,8,soccer,/ˈsɑːkɚ/,I like to watch soccer matches on TV and support my favorite team.,,
25,Free Time Activities,https://langeek.co/en/vocab/subcategory/28/learn,9,volleyball,/ˈvɑːliˌbɔːl/,She enjoys the teamwork and strategy involved in playing volleyball.,,
25,Free Time Activities,https://langeek.co/en/vocab/subcategory/28/learn,10,hiking,/ˈhaɪkɪŋ/,Hiking is a great way to explore nature and enjoy the fresh air.,,
25,Free Time Activities,https://langeek.co/en/vocab/subcategory/28/learn,11,tennis,/ˈtɛnɪs/,He dreams of becoming a professional tennis player one day.,,
25,Free Time Activities,https://langeek.co/en/vocab/subcategory/28/learn,12,bicycle,/ˈbaɪsɪkl/,He enjoys going on long bicycle rides in the countryside.,,
25,Free Time Activities,https://langeek.co/en/vocab/subcategory/28/learn,13,sport,/spɔːrt/,Basketball is a dynamic sport that demands quick thinking and agility.,,
25,Free Time Activities,https://langeek.co/en/vocab/subcategory/28/learn,14,game,/ɡeɪm/,Chess is a strategic board game played between two players on a checkered board.,,
25,Free Time Activities,https://langeek.co/en/vocab/subcategory/28/learn,15,video game,/ˈvɪdioʊ ˌɡeɪm/,I enjoy playing video games with my friends online.,,
25,Free Time Activities,https://langeek.co/en/vocab/subcategory/28/learn,16,newspaper,/ˈnuːzˌpeɪpɚ/,I enjoy doing the crossword puzzle in the newspaper to challenge my brain.,,
25,Free Time Activities,https://langeek.co/en/vocab/subcategory/28/learn,17,magazine,/ˈmæɡəziːn/,I often read parenting magazines to get advice on raising my children.,,
26,Countries and Nationalities,https://langeek.co/en/vocab/subcategory/498/learn,1,country,/ˈkʌntri/,Canada is a vast country known for its stunning landscapes and friendly people.,,
26,Countries and Nationalities,https://langeek.co/en/vocab/subcategory/498/learn,2,the United States,/juːˈnaɪtɪd ˈsteɪts/,English is the primary language spoken in the United States.,,
26,Countries and Nationalities,https://langeek.co/en/vocab/subcategory/498/learn,3,American,/əˈmɛrɪkən/,American football is a popular sport in the United States.,,
26,Countries and Nationalities,https://langeek.co/en/vocab/subcategory/498/learn,4,Canada,/ˈkænədə/,"Canada celebrates its national day, Canada Day, on July 1st.",,
26,Countries and Nationalities,https://langeek.co/en/vocab/subcategory/498/learn,5,Canadian,/kəˈneɪdiən/,"Canadian national parks, such as Banff and Jasper, attract tourists from around the world.",,
26,Countries and Nationalities,https://langeek.co/en/vocab/subcategory/498/learn,6,United Kingdom,/juːˈnaɪtɪd ˈkɪŋdəm/,Buckingham Palace in London is the official residence of the Queen of the United Kingdom.,,
26,Countries and Nationalities,https://langeek.co/en/vocab/subcategory/498/learn,7,British,/ˈbrɪtɪʃ/,Shakespeare is one of the most famous British playwrights in history.,,
26,Countries and Nationalities,https://langeek.co/en/vocab/subcategory/498/learn,8,Germany,/ˈdʒɝːməni/,Oktoberfest is a famous festival celebrated in Germany.,,
26,Countries and Nationalities,https://langeek.co/en/vocab/subcategory/498/learn,9,German,/ˈdʒɝːmən/,"German castles, such as Neuschwanstein and Heidelberg Castle, attract many tourists.",,
26,Countries and Nationalities,https://langeek.co/en/vocab/subcategory/498/learn,10,France,/fræns/,France is known for its rich history and cultural heritage.,,
26,Countries and Nationalities,https://langeek.co/en/vocab/subcategory/498/learn,11,French,/frɛntʃ/,French cuisine is known for its delicious cheeses and wines.,,
26,Countries and Nationalities,https://langeek.co/en/vocab/subcategory/498/learn,12,Spain,/speɪn/,"Barcelona, located in Spain, is famous for its unique architecture.",,
26,Countries and Nationalities,https://langeek.co/en/vocab/subcategory/498/learn,13,Spanish,/ˈspænɪʃ/,Flamenco is a traditional Spanish dance that is known for its expressive movements.,,
26,Countries and Nationalities,https://langeek.co/en/vocab/subcategory/498/learn,14,Italy,/ˈɪtəli/,I traveled to Italy last year to explore its rich history and beautiful cities.,,
26,Countries and Nationalities,https://langeek.co/en/vocab/subcategory/498/learn,15,Italian,/ɪˈtæljən/,"Maria's family immigrated from Italy, so they celebrate their Italian heritage by hosting traditional Italian feasts during holidays.",,
27,Simple Verbs,https://langeek.co/en/vocab/subcategory/18/learn,1,to walk,/wɑːk/,"After the accident, doctors were unsure if he'd ever walk again.",,
27,Simple Verbs,https://langeek.co/en/vocab/subcategory/18/learn,2,to run,/rʌn/,"When he heard the news, he ran home in a hurry.",,
27,Simple Verbs,https://langeek.co/en/vocab/subcategory/18/learn,3,to go,/ɡoʊ/,He went into the kitchen to prepare dinner for the family.,,
27,Simple Verbs,https://langeek.co/en/vocab/subcategory/18/learn,4,to come,/kʌm/,Can you come with me to the store?,,
27,Simple Verbs,https://langeek.co/en/vocab/subcategory/18/learn,5,to sit,/sɪt/,"After a long hike, we found a nice spot to sit and have a picnic.",,
27,Simple Verbs,https://langeek.co/en/vocab/subcategory/18/learn,6,to fall,/fɑl/,Be careful not to slip and fall on the wet floor.,,
27,Simple Verbs,https://langeek.co/en/vocab/subcategory/18/learn,7,to jump,/dʒʌmp/,He jumped over the puddle to avoid getting his shoes wet.,,
27,Simple Verbs,https://langeek.co/en/vocab/subcategory/18/learn,8,to bring,/brɪŋ/,Can we bring our pets to the park?,,
27,Simple Verbs,https://langeek.co/en/vocab/subcategory/18/learn,9,to give,/ɡɪv/,The librarian gave me a book to borrow for my research.,,
27,Simple Verbs,https://langeek.co/en/vocab/subcategory/18/learn,10,to find,/faɪnd/,Did you find the remote control for the television?,,
27,Simple Verbs,https://langeek.co/en/vocab/subcategory/18/learn,11,to open,/ˈoʊpən/,He opens the window to let in some fresh air.,,
27,Simple Verbs,https://langeek.co/en/vocab/subcategory/18/learn,12,to close,/kloʊz/,"After entering the room, I asked him to close the door behind him.",,
27,Simple Verbs,https://langeek.co/en/vocab/subcategory/18/learn,13,to start,/stɑːrt/,He started singing along to the song on the radio.,,
27,Simple Verbs,https://langeek.co/en/vocab/subcategory/18/learn,14,to stop,/stɑp/,She stopped the escalator to retrieve her dropped phone.,,
27,Simple Verbs,https://langeek.co/en/vocab/subcategory/18/learn,15,to finish,/ˈfɪnɪʃ/,He finished painting the walls and admired his work.,,
27,Simple Verbs,https://langeek.co/en/vocab/subcategory/18/learn,16,to build,/bɪld/,The construction crew is building a new office complex downtown.,,
27,Simple Verbs,https://langeek.co/en/vocab/subcategory/18/learn,17,to do,/duː/,What are you doing tomorrow?,,
27,Simple Verbs,https://langeek.co/en/vocab/subcategory/18/learn,18,to get,/ɡɛt/,He got an unexpected bonus at work.,,
27,Simple Verbs,https://langeek.co/en/vocab/subcategory/18/learn,19,to turn,/tɝn/,He turned to face the door as someone entered.,,
27,Simple Verbs,https://langeek.co/en/vocab/subcategory/18/learn,20,to introduce,/ˌɪntrəˈduːs/,"Allow me to introduce my colleague, Mr. Johnson.",,
27,Simple Verbs,https://langeek.co/en/vocab/subcategory/18/learn,21,to travel,/ˈtrævəl/,He travels for work and often visits different cities for business meetings.,,
27,Simple Verbs,https://langeek.co/en/vocab/subcategory/18/learn,22,to let,/lɛt/,Don't let the rainy weather ruin your mood.,,
27,Simple Verbs,https://langeek.co/en/vocab/subcategory/18/learn,23,to choose,/tʃuːz/,"When you go shopping, remember to choose quality over quantity.",,
27,Simple Verbs,https://langeek.co/en/vocab/subcategory/18/learn,24,to help,/hɛlp/,She helped him carry the boxes upstairs.,,
27,Simple Verbs,https://langeek.co/en/vocab/subcategory/18/learn,25,to swim,/swɪm/,My sister swims every morning before breakfast.,,
28,Transportation,https://langeek.co/en/vocab/subcategory/501/learn,1,car,/kɑːr/,I drive my car to work every day.,,
28,Transportation,https://langeek.co/en/vocab/subcategory/501/learn,2,motorcycle,/ˈmoʊtɚˌsaɪkl/,He rides his motorcycle to work every day.,,
28,Transportation,https://langeek.co/en/vocab/subcategory/501/learn,3,bus,/bʌs/,I prefer sitting near the window when I'm on the bus.,,
28,Transportation,https://langeek.co/en/vocab/subcategory/501/learn,4,truck,/trʌk/,The truck carried a load of construction materials to the building site.,,
28,Transportation,https://langeek.co/en/vocab/subcategory/501/learn,5,train,/treɪn/,I always enjoy listening to music while traveling on the train.,,
28,Transportation,https://langeek.co/en/vocab/subcategory/501/learn,6,taxi,/ˈtæksi/,I called a taxi to pick me up from my hotel.,,
28,Transportation,https://langeek.co/en/vocab/subcategory/501/learn,7,subway,/ˈsʌbˌweɪ/,I like reading a book during my subway ride.,,
28,Transportation,https://langeek.co/en/vocab/subcategory/501/learn,8,airplane,/ˈɛrˌpleɪn/,I always feel excited when the airplane takes off.,,
28,Transportation,https://langeek.co/en/vocab/subcategory/501/learn,9,helicopter,/ˈhɛlɪˌkɑːptɚ/,The helicopter blades spun rapidly as it prepared for takeoff.,,
28,Transportation,https://langeek.co/en/vocab/subcategory/501/learn,10,ship,/ʃɪp/,The captain navigated the ship through rough waters with skill and expertise.,,
28,Transportation,https://langeek.co/en/vocab/subcategory/501/learn,11,boat,/boʊt/,The boat captain guided us through the narrow canals of the city.,,
28,Transportation,https://langeek.co/en/vocab/subcategory/501/learn,12,ticket,/ˈtɪkɪt/,He lost his ticket and had to get a new one at the ticket counter.,,
28,Transportation,https://langeek.co/en/vocab/subcategory/501/learn,13,van,/væn/,The family loaded their camping gear into the van and set off on their weekend adventure.,,
28,Transportation,https://langeek.co/en/vocab/subcategory/501/learn,14,station,/ˈsteɪʃən/,I arrived early at the station to make sure I didn't miss my train.,,
28,Transportation,https://langeek.co/en/vocab/subcategory/501/learn,15,airport,/ˈɛrˌpɔːrt/,I always feel a mix of emotions when saying goodbye to loved ones at the airport.,,
28,Transportation,https://langeek.co/en/vocab/subcategory/501/learn,16,train station,/ˈtreɪn ˈsteɪʃən/,I arrived at the train station early to ensure I didn't miss my train.,,
29,Directions and Continents,https://langeek.co/en/vocab/subcategory/502/learn,1,place,/pleɪs/,I want to find a new place to eat dinner tonight.,,
29,Directions and Continents,https://langeek.co/en/vocab/subcategory/502/learn,2,north,/nɔːrθ/,Canada is located to the north of the United States.,,
29,Directions and Continents,https://langeek.co/en/vocab/subcategory/502/learn,3,south,/saʊθ/,The sun rises in the east and sets in the south during the summer.,,
29,Directions and Continents,https://langeek.co/en/vocab/subcategory/502/learn,4,east,/iːst/,The wind is blowing from the east today.,,
29,Directions and Continents,https://langeek.co/en/vocab/subcategory/502/learn,5,west,/wɛst/,"The west is home to vast deserts, rolling plains, and majestic mountain ranges.",,
29,Directions and Continents,https://langeek.co/en/vocab/subcategory/502/learn,6,back,/bæk/,He stepped back to give his friend more room to dance.,,
29,Directions and Continents,https://langeek.co/en/vocab/subcategory/502/learn,7,right,/raɪt/,Turn right at the intersection to reach the museum.,,
29,Directions and Continents,https://langeek.co/en/vocab/subcategory/502/learn,8,left,/ˈɫɛft/,"Placing his hand over his heart, he proudly wore the badge on the left side of his chest.",,
29,Directions and Continents,https://langeek.co/en/vocab/subcategory/502/learn,9,far,/fɑr/,She could hear the music from far down the street.,,
29,Directions and Continents,https://langeek.co/en/vocab/subcategory/502/learn,10,continent,/ˈkɑːntɪnənt/,Africa is the second-largest continent in the world.,,
29,Directions and Continents,https://langeek.co/en/vocab/subcategory/502/learn,11,Asia,/ˈeɪʒə/,"Asia is home to various religions, including Buddhism, Hinduism, and Islam.",,
29,Directions and Continents,https://langeek.co/en/vocab/subcategory/502/learn,12,Asian,/ˈeɪʒən/,"Asian countries like China, Japan, and South Korea are known for their advancements in technology.",,
29,Directions and Continents,https://langeek.co/en/vocab/subcategory/502/learn,13,Europe,/ˈjʊrəp/,Europe has a well-developed transportation system.,,
29,Directions and Continents,https://langeek.co/en/vocab/subcategory/502/learn,14,European,/ˌjʊrəˈpiːən/,European architecture is known for its stunning cathedrals and castles.,,
29,Directions and Continents,https://langeek.co/en/vocab/subcategory/502/learn,15,Africa,/ˈæfrɪkə/,"Africa is known for its diverse wildlife, including elephants, lions, and giraffes.",,
29,Directions and Continents,https://langeek.co/en/vocab/subcategory/502/learn,16,African,/ˈæfrɪkən/,African clothing is known for its vibrant patterns and intricate designs.,,
30,Adverbs and Pronouns,https://langeek.co/en/vocab/subcategory/503/learn,1,outside,/ˌaʊtˈsaɪd/,They enjoyed a picnic outside in the park.,,
30,Adverbs and Pronouns,https://langeek.co/en/vocab/subcategory/503/learn,2,always,"/ˈɔːlweɪz/ , /ˈɑːlweɪz/",The train is always crowded during rush hour.,,
30,Adverbs and Pronouns,https://langeek.co/en/vocab/subcategory/503/learn,3,never,/ˈnɛvɚ/,She never eats meat; she's been vegetarian since birth.,,
30,Adverbs and Pronouns,https://langeek.co/en/vocab/subcategory/503/learn,4,usually,"/ˈjuːʒəli/ , /ˈjuːʒəwəli/",She usually takes a walk in the park after dinner.,,
30,Adverbs and Pronouns,https://langeek.co/en/vocab/subcategory/503/learn,5,often,"/ˈɔːfən/ , /ˈɑːfən/",He often helps his neighbors with their chores.,,
30,Adverbs and Pronouns,https://langeek.co/en/vocab/subcategory/503/learn,6,sometimes,/ˈsʌmˌtaɪmz/,She sometimes practices yoga in the morning.,,
30,Adverbs and Pronouns,https://langeek.co/en/vocab/subcategory/503/learn,7,now,/naʊ/,"I am cooking dinner now, but we can watch a movie after dinner.",,
30,Adverbs and Pronouns,https://langeek.co/en/vocab/subcategory/503/learn,8,soon,/suːn/,The bus will arrive at the station soon.,,
30,Adverbs and Pronouns,https://langeek.co/en/vocab/subcategory/503/learn,9,too,/tuː/,"She loves classical music, and her sister does too.",,
30,Adverbs and Pronouns,https://langeek.co/en/vocab/subcategory/503/learn,10,here,/hɪr/,Stand here to see the full mural.,,
30,Adverbs and Pronouns,https://langeek.co/en/vocab/subcategory/503/learn,11,there,/ðɛr/,Your keys are there on the counter.,,
30,Adverbs and Pronouns,https://langeek.co/en/vocab/subcategory/503/learn,12,again,"/əˈɡɛn/ , /əˈɡeɪn/",He apologized for the mistake and promised it wouldn't happen again.,,
30,Adverbs and Pronouns,https://langeek.co/en/vocab/subcategory/503/learn,13,of course,/ʌv ˈkɔːrs/,"Of course, I agree with your suggestion; it's a great idea.",,
30,Adverbs and Pronouns,https://langeek.co/en/vocab/subcategory/503/learn,14,really,"/ˈriːəli/ , /ˈrɪəli/",I'm not joking; I really saw a shooting star last night.,,
30,Adverbs and Pronouns,https://langeek.co/en/vocab/subcategory/503/learn,15,why,/waɪ/,Why are you late for school today?,,
30,Adverbs and Pronouns,https://langeek.co/en/vocab/subcategory/503/learn,16,where,/wɛr/,Do you know where I can find a good restaurant?,,
30,Adverbs and Pronouns,https://langeek.co/en/vocab/subcategory/503/learn,17,when,/wɛn/,Can you let me know when the package arrives?,,
30,Adverbs and Pronouns,https://langeek.co/en/vocab/subcategory/503/learn,18,what,/wʌt/,What did you have for breakfast?,,
30,Adverbs and Pronouns,https://langeek.co/en/vocab/subcategory/503/learn,19,who,/huː/,Who are those people sitting at the back?,,
30,Adverbs and Pronouns,https://langeek.co/en/vocab/subcategory/503/learn,20,how,/haʊ/,How can I improve my English speaking skills?,,
30,Adverbs and Pronouns,https://langeek.co/en/vocab/subcategory/503/learn,21,else,/ɛls/,Do you want anything else from the store?,,
31,Prepositions and Determiners,https://langeek.co/en/vocab/subcategory/743/learn,1,before,/bɪˈfɔːr/,The number 5 comes before 6 on the list.,,
31,Prepositions and Determiners,https://langeek.co/en/vocab/subcategory/743/learn,2,after,/ˈæftɚ/,"After dinner, we'll watch a movie.",,
31,Prepositions and Determiners,https://langeek.co/en/vocab/subcategory/743/learn,3,at,/æt/,I saw him at the grocery store.,,
31,Prepositions and Determiners,https://langeek.co/en/vocab/subcategory/743/learn,4,in,/ɪn/,They live in a big house.,,
31,Prepositions and Determiners,https://langeek.co/en/vocab/subcategory/743/learn,5,on,"/ɑːn/ , /ɒn/",If you are cold the blanket is on the bed.,,
31,Prepositions and Determiners,https://langeek.co/en/vocab/subcategory/743/learn,6,below,/bɪˈloʊ/,The book fell below the shelf.,,
31,Prepositions and Determiners,https://langeek.co/en/vocab/subcategory/743/learn,7,above,/əˈbʌv/,The kite soared high above the treetops.,,
31,Prepositions and Determiners,https://langeek.co/en/vocab/subcategory/743/learn,8,across,/əˈkrɑːs/,My friend lives across the road from us.,,
31,Prepositions and Determiners,https://langeek.co/en/vocab/subcategory/743/learn,9,near,/nɪr/,The children became happy when they found out that the playground is near the apartment building.,,
31,Prepositions and Determiners,https://langeek.co/en/vocab/subcategory/743/learn,10,between,/bɪˈtwiːn/,The book is placed between the notebooks and the pen holder.,,
31,Prepositions and Determiners,https://langeek.co/en/vocab/subcategory/743/learn,11,next to,/nɛkst tuː/,"The basketball court is situated next to the fitness center, encouraging physical activities and sports.",,
31,Prepositions and Determiners,https://langeek.co/en/vocab/subcategory/743/learn,12,behind,/bɪˈhaɪnd/,The magician pulled the rabbit out from behind the hat.,,
31,Prepositions and Determiners,https://langeek.co/en/vocab/subcategory/743/learn,13,with,"/wɪð/ , /wɪθ/",I went to the park with my friends.,,
31,Prepositions and Determiners,https://langeek.co/en/vocab/subcategory/743/learn,14,to,/tuː/,He rode his bicycle to the store to buy some groceries.,,
31,Prepositions and Determiners,https://langeek.co/en/vocab/subcategory/743/learn,15,another,/əˈnʌðɚ/,He needs another guitar pick for his performance.,,
31,Prepositions and Determiners,https://langeek.co/en/vocab/subcategory/743/learn,16,this,/ðɪs/,Do you know the name of this song?,,
31,Prepositions and Determiners,https://langeek.co/en/vocab/subcategory/743/learn,17,that,/ðæt/,"I'll take this seat, and you can have that one.",,
31,Prepositions and Determiners,https://langeek.co/en/vocab/subcategory/743/learn,18,both,/boʊθ/,Both books on the shelf are interesting.,,
31,Prepositions and Determiners,https://langeek.co/en/vocab/subcategory/743/learn,19,what,/wʌt/,I don't know what time it is.,,
31,Prepositions and Determiners,https://langeek.co/en/vocab/subcategory/743/learn,20,a,/ə/,She bought a new book yesterday.,,
31,Prepositions and Determiners,https://langeek.co/en/vocab/subcategory/743/learn,21,over,/ˈoʊvɚ/,Smoke hung over the burning building.,,
31,Prepositions and Determiners,https://langeek.co/en/vocab/subcategory/743/learn,22,under,/ˈʌndɚ/,She found her keys under a pile of papers on her desk.,,
32,Describing People,https://langeek.co/en/vocab/subcategory/745/learn,1,young,/jʌŋ/,He has a young brother who is learning to walk.,,
32,Describing People,https://langeek.co/en/vocab/subcategory/745/learn,2,old,/oʊld/,She cherished the wisdom and experience that came with being old.,,
32,Describing People,https://langeek.co/en/vocab/subcategory/745/learn,3,stupid,"/ˈstuːpɪd/ , /ˈstjuːpɪd/","Don't be stupid, the answer is right in front of you.",,
32,Describing People,https://langeek.co/en/vocab/subcategory/745/learn,4,thirsty,/ˈθɝːsti/,"After eating spicy food, he became very thirsty and drank a glass of water.",,
32,Describing People,https://langeek.co/en/vocab/subcategory/745/learn,5,fat,/fæt/,He admires body diversity and believes everyone should be accepted regardless of being fat or thin.,,
32,Describing People,https://langeek.co/en/vocab/subcategory/745/learn,6,thin,/θɪn/,"He is thin but strong, thanks to regular exercise and a balanced diet.",,
32,Describing People,https://langeek.co/en/vocab/subcategory/745/learn,7,tall,/tɔːl/,"He is a tall basketball player, perfect for the sport.",,
32,Describing People,https://langeek.co/en/vocab/subcategory/745/learn,8,short,/ʃɔrt/,"At just five feet tall, she was considered short compared to her classmates.",,
32,Describing People,https://langeek.co/en/vocab/subcategory/745/learn,9,smart,/smɑːrt/,"My daughter is a smart student, and her teachers appreciate her enthusiasm for learning.",,
32,Describing People,https://langeek.co/en/vocab/subcategory/745/learn,10,angry,/ˈæŋɡri/,I get angry when people lie to me.,,
32,Describing People,https://langeek.co/en/vocab/subcategory/745/learn,11,fine,/faɪn/,"Despite the small accident, the bike and its rider were both fine.",,
32,Describing People,https://langeek.co/en/vocab/subcategory/745/learn,12,sad,/sæd/,He looked sad because he didn't get the job he wanted.,,
32,Describing People,https://langeek.co/en/vocab/subcategory/745/learn,13,happy,/ˈhæpi/,He was happy when he got the job he had been hoping for.,,
32,Describing People,https://langeek.co/en/vocab/subcategory/745/learn,14,hungry,/ˈhʌŋɡri/,"After playing outside all day, the children were hungry for dinner.",,
32,Describing People,https://langeek.co/en/vocab/subcategory/745/learn,15,excited,/ɪkˈsaɪtɪd/,He was excited to start his new job.,,
32,Describing People,https://langeek.co/en/vocab/subcategory/745/learn,16,ready,/ˈrɛdi/,She had her backpack packed and was ready for the hiking trip.,,
